,email
noreply@curlie.org
support@startpage.com
admins@curlie.org
advisors@online.berklee.edu
graduation@online.berklee.edu
transfercredits@berklee.edu
transfer@online.berklee.edu
popmusicanthology@gmail.com
14370afcdc17429f9e418d5ffbd0334a@sentry.wixpress.com
wixofday@wix.com
chrisfarru@hotmail.com
8c4075d5481d476e945486754f783364@sentry.io
mikamike3d@gmail.com
del@dowartists.com
music@40milesout.com
sales@yoursite.com
support@yoursite.com
movies@movieinsider.com
film-loft@classicmoviecorner.com
contest@classicmoviecorner.com
webtechdesigngroup@gmail.com
trijet@he.net
Macguffin39@hotmail.com
awards@videoawards.com
access-request@listserv.heanet.ie
access-subscribe-request@listserv.heanet.ie
access@listserv.heanet.ie
joeclark@joeclark.org
listserv@listserv.heanet.ie
xml@textuality.com
sebastian@pipping.org
info@tpd.com
u003eprivacy@godaddy.com
u003eprivacy@afternic.com
info@1stopresume.com
inspection@eiipro.com
ListingManager@nyse.com
enquiries@wearepay.uk
cpmi@bis.org
support@amanita.at
uchit86@gmail.com
legal@startmail.com
support@startmail.com
privacypolicy@startmail.com
support-alt@startmail.com
abuse@startmail.com
user@startmail.com
spam@startmail.com
administrator@startmail.com
press@startmail.com
gpf@beta-cc.de
markcentral@geocities.com
mail@sadihov.az
webmaster@myartis.com
gadis_safa@yahoo.com
info@abalip.com
maria.brauckhoff@ruhr-uni-bochum.de
lid_zorina@mail.ru
olesyakotenko@yandex.ru
fritha@mail.ru
gontchar@noos.fr
basov_aleksandr@bk.ru
iy@equinoxtranslations.com
andreb@mac.com
luciesame@gmail.com
nastia77@mail.ru
matvei@inbox.ru
shellj@gmail.com
bisch.anna@wanadoo.fr
ina.jakob@gmail.com
info@surreallife.eu
info@surreallife.de
teatime@pfefferland.de
anjana79@yahoo.de
tapolono50@hotmail.com
lex-79@yandex.ru
arosev@gmail.com
h.c.w@web.de
michkazanski@yahoo.com
spollex@online.de
royter@lycos.de
duodeno@duodeno.com
ante@music-band-kocka.com
info@antis.lt
kertesz.norbert@alacartemusic.hu
info@joomlavi.com
info@collegiumkaralitanum.it
brpicci@libero.it
manager@elan.cz
smeke2@gmail.com
adrenalin_zenica@yahoo.com
office@crystalic.rs
booking.bajaga@gmail.com
bajagainstruktori@gmail.com
siiri@clubforfive.fi
info@clubforfive.fi
satu@clubforfive.fi
eklipsis.singers@gmail.com
nicklowe@ukonline.co.uk
ted_leshchack@yahoo.com
spm111@yandex.ru
forum@6lal.com
henrik@extensivemusic.com
info@dariush2000.com
20advisors@online.berklee.edu
memberservices@aria.com.au
isrc@aria.com.au
business.affairs@aria.com.au
aria.mail@aria.com.au
privacy.mail@aria.com.au
awards@aria.com.au
media@aria.com.au
charts.mail@aria.com.au
j.elliot@email.com
18to49@mail.com
info@2002music.com
core@kud-fp.si
info@emense.nl
sales@emense.nl
nealy@2nu2.com
info@3daftmonkeys.co.uk
robert@broofa.com
kulturring-olsberg@web.de
humanresources@getbusyentertainment.com
ops@medialab.la
caf8b1f7b1c64c338540e57a2871b257@o5138.ingest.sentry.io
support@denverdm.com
fran@denverdm.com
sales@denverdm.com
yourname@yourdomain.com
rock_4am@hotmail.com
subterfudge@hotmail.com
WebTechDesignGroup@gmail.com
tcmcfilm@gmail.com
support@webtechdg.com
terry@webtechdg.com
christianwebdesign@gmail.com
helpdesk@christianlink.com
indy@christianindy.com
mail@boxofficemojo.com
mcn@smartbrief.com
info@courtreportingathome.com
content-request@listserv.heanet.ie
screenfont-request@listserv.heanet.ie
lgb-sports-request@listserv.heanet.ie
icebike-request@listserv.heanet.ie
vsxe-request@listserv.heanet.ie
theBRML-request@listserv.heanet.ie
webstandards-request@listserv.heanet.ie
tim.ludwig@jorsek.com
erik@xatapult.nl
pflynn@ucc.ie
webmaster@lists.opensource.org
webguy@marc.info
info@balisage.net
support@247sports.com
example@email.com
christopher.walsh@complex.com
beaverfusion@gmail.com
gus.turner@complex.com
edwin.ortiz@complex.com
calummarsh@gmail.com
sumiko@complex.ca
stephanie.musat@complex.com
eugeneg@complex.com
lucas.wisenthal@complex.com
digital@complex.com
sydneymbrasil@gmail.com
lariza.quintero@complex.com
ashleys@complex.com
coleman@lietco.com
mr.alexander.nino@gmail.com
alex.narvaez@corusent.com
zach.dionne-freelancer@complex.com
brian.capitao@gmail.com
josie.mok@gmail.com
rosss@complex.com
stephenwitt@gmail.com
meganebreo@gmail.com
info@markupuk.org
submit@markupuk.org
youremail@gmail.com
ica@ica.coop
info@avenircareerconsulting.com
covid19support@tpd.com
createmyresume@1stopresume.com
suzannasolomon@gmail.com
resume@resumeservice.net
clc@resumeservice.net
jpauker@abhi.com
propertymanagement@abhi.com
kailuamanagement@abhi.com
kauaimanagement@abhi.com
konamanagement@abhi.com
mauimanagement@abhi.com
investorrelations@abhi.com
anakamura@abhi.com
sheila.mcgrath@evercoreisi.com
sohara@sidoti.com
alexander.goldfarb@psc.com
dwheat@barshop-oles.com
pwheat@barshop-oles.com
mjohn@capitaltitlencs.com
gfunk@ctot.com
jsin@ctot.com
shill@ctot.com
ashaddock@ctot.com
jrossi@ctot.com
sconkey@ctot.com
bmahlmann@ctot.com
dsawyer@capitaltitlencs.com
tholmes@ctot.com
ntouchstone@ctot.com
mmaus@ctot.com
mhsmith@ctot.com
vika@ctot.com
jpatman@ctot.com
ssargent@ctot.com
tralph@ctot.com
dperry@ctot.com
bwheeler@ctot.com
bvaughn@ctot.com
llehman@ctot.com
kanderson@ctot.com
ashindler@ctot.com
rblanshard@ctot.com
cshaddock@ctot.com
mfleming@ctot.com
swilson@ctot.com
dkimball@ctot.com
mabbs@ctot.com
bficke@ctot.com
wmiller@ctot.com
slee@ctot.com
dneill@ctot.com
rdale@ctot.com
anewton@ctot.com
skleam@ctot.com
mlucido@ctot.com
dtalley@ctot.com
vcondrey@ctot.com
kthomas@ctot.com
bblanshard@ctot.com
rlinscomb@capitaltitlencs.com
mcomeaux@ctot.com
mrundell@ctot.com
lunderwood@ctot.com
jcloud@ctot.com
brosen@ctot.com
amartin@ctot.com
lmurphy@capitaltitlencs.com
bneudorfer@ctot.com
beau.davis@ctot.com
edahlberg@capitaltitlencs.com
slasseter@ctot.com
amayo@ctot.com
staylor@ctot.com
phord@ctot.com
brollings@ctot.com
mchatham@ctot.com
jproctor@ctot.com
jmccormick@ctot.com
mboard@ctot.com
jharkins@novainsurancepartners.com
mholland@novainsurancepartners.com
denis@icmtpa.com
lisa@novainsurancepartners.com
jdenneler@icmtpa.com
judy@novainsurancepartners.com
cwhitney@novainsurancepartners.com
dmoncavage@elitemga.com
sschnabel@elitemga.com
rvioli@novainsurnacepartners.com
criley@novainsurancepartners.com
bgarrison@elitemga.com
nbarnes@elitemga.com
lvu@elitemga.com
namico@novainsurnacepartners.com
vdangelo@elitemga.com
jcforster@novainsurancepartners.com
becca@novainsurancepartners.com
personallines@novainsurancepartners.com
demi@icmtpa.com
mlang@elitemga.com
furmson@elitemga.com
cdcc-ops@tmx.com
web@clearstream.com
registeredshares@clearstream.com
tax@clearstream.com
christina.vogt@clearstream.com
tabea.behr@clearstream.com
flemmingkozok@gmail.com
kontakt@boerse-duesseldorf.de
k.schropp@aa-arbeitsschutz.de
datenschutz@boersenag.de
miriam.bridges@ici.org
conferences@ici.org
brenner@ici.org
jeanne.arnold@ici.org
webmaster@ici.org
matthew.beck@ici.org
olivia.caverly@ici.org
garrett.hawkins@ici.org
stephanie.ortbalstibbs@ici.org
mike.mcnamee@ici.org
memberservices@ici.org
doug.richardson@ici.org
joe@morningstar.com
standards@wearepay.uk
fif@payments.ca
research@payments.ca
webmaster@n3kl.org
contact@21cssindia.com
your@email.com
info@cloudreviews.com
oath@fatcow.com
info@consolut.com
support@engineering.com
staff@dmoz.org
DMOZ.staff@teamaol.com
sales@flock.com
password@curlie.org
bsmurr@hotmail.com
fro@eatwild.com
info@wfdsa.org
robin@oasis-open.org
support@hcaptcha.com
webcam@startmail.com
info@supacrucial.com
webmaster@markiiburnaway.com
mail@65daysofstatic.com
debbie@lb-agency.net
posti@osoi.te
store@backstagerockshop.com
info@nightshiftmerch.com
info@truemerch.ru
anne@nuclearblast.de
nora.norrlin@liekkipromotion.com
jonathanwilson@tkoco.com
management@69eyes.com
leoni@nuclearblast.de
info@theoraclemgmt.com
tiina.vuorinen@redberg.fi
nikolas.krofta@bottomrow.com
leoni@nulearblast.de
jens@nuclearblast.de
richie@matti.la
aymusic6789@yahoo.com
music@janstevens.net
jaymusic6789@yahoo.com
jcesbron@camimusic.com
myUser@email.com
contact@chickcorea.com
ccartistservices@chickcorea.com
xxxy@gdut.edu.cn
info@oscarpeterson.com
inquiry@oscarpeterson.com
marc@marcmyers.com
thomas@yahoo.com
musiqidunyasi@gmail.com
vaksinuntukindonesia@metrotvnews.com
myartis@live.com.my
nurchempaka@yahoo.com
sejosexon@zabranjeno-pusenje.com
klo@zabranjeno-pusenje.com
toni@zabranjeno-pusenje.com
lipart@lipart.si
robi@zabranjeno-pusenje.com
trak@zabranjeno-pusenje.com
vitez@zabranjeno-pusenje.com
info@gureeskudago.eus
compliance@support.myspace.com
intro@intro.lt
info@budapestarena.hu
alvin@alvinrecords.com
ignazio.picciau@tiscali.it
igna.picciau@gmail.com
franpilu@tiscali.it
andrej@spicka.sk
usacimeimas@yahoo.com
office@orange.rs
kontakt@aureuslive.com
myrtoakrivou@gmail.com
smileytherapies@gmail.com
mlegakis@gmail.com
info@mk-o.com
mk-o@ath.forthnet.gr
fs2021@ua.fm
kozaksystem@ukr.net
gurt-made-in-ukraine@ukr.net
management@dariush2000.com
expert@laisha.com
laisha@laisha.com
articles@laisha.com
laisha@allmainematters.com
url_review@infoseek.com
search-support@altavista.com
webmaster@animeglobe.com
admissionsvalencia@berkleee.edu
conservatoryadmissions@berklee.edu
admissionsvalencia@berklee.edu
admissions@berklee.edu
askalibrarian@berklee.edu
timestory@gmail.com
careercenter@berklee.edu
studentaffairsvalencia@berklee.edu
infovalencia@berklee.edu
academicaffairsvalencia@berklee.edu
financialaid@berklee.edu
scholarshipsvalencia@berklee.edu
studyabroad@berklee.edu
eo@berklee.edu
atvalencia@berklee.edu
mzarza@berklee.edu
valenciapublicsafety@berklee.edu
hrvalencia@berklee.edu
iss@berklee.edu
promoteit@berklee.edu
internationalcareers@berklee.edu
valenciapublicsafey@berklee.edu
admissionsnyc@berklee.edu
studentaccounts@berklee.edu
lstearns@berklee.edu
infonyc@berklee.edu
akluss@lanet.lv
city@thestar.ca
starsupport@torstar.ca
publiced@thestar.ca
info@kcw.de
website@cowdude.com
bradboard@gmail.com
kpnorbert@hotmail.com
Johnny.Marks@townsquaremedia.com
danielle.rodgers@townsquaremedia.com
penny.foy@townsquaremedia.com
Terry.Peters@townsquaremedia.com
danielle.kootman@townsquaremedia.com
Eric.Stone@townsquaremedia.com
eric.stone@townsquaremedia.com
Matt.Like@townsquaremedia.com
Danielle.Kootman@townsquaremedia.com
kdat@kdat.com
stuart.robinson@coolfm.co.uk
appsupport@bauermedia.co.uk
djhix@coolfm.co.uk
peter.flanagan@coolfm.co.uk
hello@magic.co.uk
john.kearns@coolfm.co.uk
paul.kennedy@coolfm.co.uk
rebecca.mckinney@coolfm.co.uk
studio@kissfmuk.com
neal.mcclelland@coolfm.co.uk
andy.baird@coolfm.co.uk
pete.snodden@coolfm.co.uk
curtis.mccosh@coolfm.co.uk
connor.coates@coolfm.co.uk
katharine.walker@coolfm.co.uk
david.mccammond@coolfm.co.uk
studio@absoluteradio.co.uk
peter.flanaghan@downtown.co.uk
owen.beers@downtown.co.uk
neal.mcclelland@downtown.co.uk
kirstie.mcmurray@downtowncountry.co.uk
peter.flanagan@downtown.co.uk
lisa.mchugh@downtown.co.uk
paul.francis@downtown.co.uk
stuart.banford@downtown.co.uk
john.kearns@downtown.co.uk
paul.kennedy@downtown.co.uk
bigt@downtown.co.uk
mcmurray@downtown.co.uk
ken.bruce@downtown.co.uk
david.gordon@downtown.co.uk
paul.mcbride@downtown.co.uk
jason.hughes@downtown.co.uk
david.mccammond@downtown.co.uk
david.coleman@downtown.co.uk
mark.wesley@downtown.co.uk
owen.larkin@downtown.co.uk
paul.orr@downtown.co.uk
kirstie.mcmurray@downtown.co.uk
caroline.fleck@downtown.co.uk
gary.myles@downtown.co.uk
adrian.dempsey@downtown.co.uk
jr@downtown.co.uk
iod@polskieradio.pl
webmaster@lanet.lv
falsified@mail.com
marklichtenberg@hotmail.com
replenishment@cdbaby.com
airside@2x-79cac0da4a06ff2c05de3ce27c8b96c6f8f112bd8575dc02fff88fbc7370e43e.jp
kcbands@gmail.com
kcallstars@gmail.com
enablejs@protonmail.com
terormedija@gmail.com
core@mail.ljudmila.org
magda.zore@guest.arnes.si
sonja.kogej-rus@etno-muzej.si
matijaplevnik@yahoo.com
info@ljudmila.org
music@hadar.org
john@contoso.edu
namn@example.com
258f7434a02a42848a43b89281bddba1@sentry.io
oocsko@ign.com
ign_greece@ign.com
zsofia_toth@ign.com
shunal@forkmediagroup.com
tdoli@ign.com
adv@vusumo.it
redazione@ign.com
ign_latam@ign.com
dd94e99168c6431899c1daa5a812d8b6@sentry.prod.mozaws.net
privacy@spotify.com
meades@vimeo.com
boxoffice@theatreroyal.ie
phamous.bookings@gmail.com
info@adsupply.com
support@yola.com
privacy@yola.com
editor@writersebook.com
assist@christianwebsitesdirectory.com
subscribe@conservativetruth.org
truth@testthespirit.com
cd@christianvideopro.com
donate@donationline.com
registrar@santafeuniversity.edu
studentaccounts@santafeuniversity.edu
sfs@santafeuniversity.edu
onlinesupport@santafeuniversity.edu
info@booksmarkgalore.com
info@bookmarksgalore.com
conniebratcher@gmail.com
support@christianlink.com
webmaster@christianlink.com
info@ruthwoodandfriends.com
linda@webtechdg.com
InsideLine@tvline.com
autosupport@bidvertiser.com
contact@autoreduc.com
info@mango.mp
nexttv@smartbrief.com
bandc@smartbrief.com
privacy@smartbrief.com
webmaster@captioningsucks.com
jeremy@huffduffer.com
baiwei5000@126.com
support@goldenname.com
theBRML-subscribe-request@listserv.heanet.ie
thebrml-request@listserv.heanet.ie
icebike-subscribe-request@listserv.heanet.ie
icebike@listserv.heanet.ie
Eukadanz@aol.com
listmanager@hookup.net
dominique@genie.geis.com
api-services-support@amazon.com
letters@time.com
feedback@time.com
address@email.com
pat@example.com
kaypeck@gmail.com
support@buzzfeed.com
206e086ef8374b44b2dccb62d15b3479@sentry.io
dsah@math.sunysb.edu
andreabaxcy@tablo.com
cookingcare@nytimes.com
bschuessler@whowhatwear.com
stylist@whowhatwear.com
info@concept2.com
WMPrivacy@warnermediagroup.com
customerservice@abt.com
support@contentstack.com
service@harryanddavid.com
licensing@digitaltrends.com
DTMGSales@digitaltrends.com
sslaughter@themanual.com
insidesales@digitaltrends.com
stevenjohn23@gmail.com
xproc-dev@w3.org
cmssupport@ucc.ie
sit@ucc.ie
ltu@ucc.ie
abuse@ucc.ie
avms@ucc.ie
webmaster@ucc.ie
netops@ucc.ie
helpdesk@ucc.ie
panoptosupport@ucc.ie
raresec@rare.nl
lenggenhager@switch.ch
rtr-info@rare.nl
Jill.Foster@newcastle.ac.uk
info@silmaril.ie
mailman.86.1622313420.2581.ctan-ann@ctan.org
office@tug.org
mailman.169.1622525063.2581.ctan-ann@ctan.org
mailman.83.1622309166.2581.ctan-ann@ctan.org
mailman.259.1622664808.2581.ctan-ann@ctan.org
mailman.208.1622578311.2581.ctan-ann@ctan.org
mailman.71.1622231993.2581.ctan-ann@ctan.org
webmaster@tug.org
mailman.35.1622144070.2581.ctan-ann@ctan.org
mailman.159.1622495586.2581.ctan-ann@ctan.org
mailman.11.1622115478.2581.ctan-ann@ctan.org
mailman.205.1622577976.2581.ctan-ann@ctan.org
mailman.207.1622578211.2581.ctan-ann@ctan.org
mailman.96.1622381801.2581.ctan-ann@ctan.org
mailman.3133.1622056419.4615.ctan-ann@ctan.org
mailman.68.1622224395.2581.ctan-ann@ctan.org
mailman.234.1622633419.2581.ctan-ann@ctan.org
mailman.228.1622618145.2581.ctan-ann@ctan.org
mailman.238.1622638407.2581.ctan-ann@ctan.org
mailman.66.1622214376.2581.ctan-ann@ctan.org
mailman.200.1622577572.2581.ctan-ann@ctan.org
mailman.240.1622639310.2581.ctan-ann@ctan.org
mailman.9.1622103048.2581.ctan-ann@ctan.org
mailman.80.1622288346.2581.ctan-ann@ctan.org
mailman.194.1622559087.2581.ctan-ann@ctan.org
mailman.36.1622148023.2581.ctan-ann@ctan.org
mailman.153.1622478441.2581.ctan-ann@ctan.org
mailman.201.1622577702.2581.ctan-ann@ctan.org
mailman.206.1622578131.2581.ctan-ann@ctan.org
mailman.95.1622381716.2581.ctan-ann@ctan.org
mailman.204.1622577869.2581.ctan-ann@ctan.org
xmlfaq@silmaril.ie
cora@ucc.ie
sales@liquid-technologies.com
submit@alistapart.com
info@italianalistapart.com
press@grammarly.com
affiliate_mktg@grammarly.com
feedback@iabuk.net
oba@iab.gr
samoregulator@spir.cz
obafeedback@iabeurope.eu
avis@iabfrance.com
oba@iab.hu
feedback@iabireland.ie
git@gitlab.gnome.org
osi@opensource.org
support@oxygenxml.com
listmaster@mulberrytech.com
sales@antennahouse.com
support@antennahouse.com
contact@changecatalyst.co
sponsor@changecatalyst.co
chris@jsconf.com
tips@insideedition.com
cbssales@cbsi.com
cbssales@cbsinteractive.com
GamesSalesInquiries@cbsinteractive.com
support@tv.com
InternationalSalesInquiries@cbsinteractive.com
cbsi-billing@cbsinteractive.com
TechSalesInquiries@cbsinteractive.com
tony@comicvine.com
cbssportssalesinquiries@cbsinteractive.com
pr@cbssports.com
gb_news@giantbomb.com
morgan.seal@cbsi.com
Studio61SalesInquiries@cbsinteractive.com
Jane.Goldman@chow.com
CBSicredit@cbs.com
CBSI-Programmatic@cbsinteractive.com
MediaSalesInquiries@cbsinteractive.com
Jason.Hiner@techrepublic.com
support@cbssports.com
news@gamespot.com
marc.doyle@cbs.com
cbsi-customercare-support@cbsi.com
Lawrence.dignan@cbs.com
customerservicedigital@rollingstone.com
cbssportshq-web@cbsinteractive.com
support@tigerstylegames.com
MJMazarrone@yahoo.com
davidjbronstein@hotmail.com
tara.aquino7@gmail.com
andrew.luecke@complex.com
noahc@complex.com
skylar.bergl@complex.com
alexwgalbraith@gmail.com
u003Ecityguidetips@complex.com
cedarrose@gmail.com
nathaniel.t.houston@gmail.com
kamantoine5@gmail.com
shenequa.golding@complex.com
taramhdvn@gmail.com
christine.werthman@complex.com
mr.jlmartinez@gmail.com
zac.dubasik@solecollector.com
ray.philip@complex.com
ricardo.somborn@complexnetworks.com
angeld@complex.com
ernestb@four-pins.com
mattjbarone@gmail.com
christopher.gironda@complex.com
alejandro@complex.com
anthonyr@complex.com
zach.frydenlund@complex.com
russb@complex.com
bradley.callas-freelancer@complex.com
brandedcontentalias@complex.com
ayallab@complex.com
alstontreyl@gmail.com
kevin.orozco@complex.com
anita.li@complex.com
brettc@complex.com
carolyn.bernucca-freelancer@complex.com
michael.destefano@complex.com
gavin.evans187@gmail.com
omar.abdelaziz@complex.com
justin.charity@complex.com
ericeidelstein@gmail.com
isabelnaturman@gmail.com
wschube1@gmail.com
victor.deng-freelancer@complex.com
amber.mckynzie-freelancer@complex.com
davidd@complex.com
andrejgee@gmail.com
u003Eriley.jones@complex.com
alessandra.maldonado@complex.com
james.keith@w00t.complex.com
rick.mele@gmail.com
shawn.setaro@complex.com
lei.takanashi@complex.com
eric.skelton@complex.com
jamesh@complex.com
damien.scott@complex.com
brenton.blanchet-freelancer@complex.com
alekseyb@complex.com
scarlettlanewman@gmail.com
negdo.mesa@complex.com
waiss.aramesh@complex.com
aria.hughes@complex.com
shantec@complex.com
daniel.barna-freelancer@complex.com
matthewh@complex.com
bills@complex.com
ericsofly99@yahoo.com
jian.deleon@complex.com
insanula@complex.com
trace.cowen@complex.com
matt.welty@complex.com
es2910@nyu.edu
victorde@buffalo.edu
cityguidetips@complex.com
jordan.rose-freelancer@complex.com
anslem.rocque@complex.com
andrewlasane@gmail.com
benbraddocks@gmail.com
chilandwong@gmail.com
frazier.tharpe@complex.com
robk@complex.com
isabel.naturman@complex.com
karla.rodriguez@complex.com
brendan.klinkenberg@complex.com
goochtmi@gmail.com
kerensa.cadenas@complex.com
info@complex.com
jason.hahn@complex.com
jkimble.hu@gmail.com
abel.shifferaw@complex.com
benyi.johnson@complex.com
jessica.mckinney@complex.com
adam.caparell@complex.com
brandon.nydell@complex.com
lauren.nostro@complex.com
tj4455@gmail.com
derek.moses@complex.com
beatrice.hazlehurst-freelancer@complex.com
brendan.dunne@complex.com
manseen.logan-freelancer@complex.com
xavierhandyhamilton@gmail.com
riley.jones@complex.com
karizza.sanchez@complex.com
orders@blackfashionfair.org
jacobm@complex.com
leigh.silver@complex.com
phil.lewis-freelancer@complex.com
alysonlewis88@gmail.com
jespy@usc.edu
khrisd@complex.com
ben.felderstein@complex.com
damnwrite@hotmail.com
joshuaesp@gmail.com
heavymbrand@gmail.com
toure@toure.com
boyerrani@hotmail.co.uk
tborland@usc.edu
joyce@pigeonsandplanes.com
madeline.quach-freelancer@complex.com
jadegomez510@gmail.com
caitlin.lopilato@complex.com
loveinamovie@gmail.com
lou.delaney-freelancer@complex.com
eda.cyu@gmail.com
david.cabrera@complex.com
natalieharmsen@gmail.com
angeld@triangleoffense.com
alex.gardner@complex.com
bjosephsny@gmail.com
kyle.mullin@kyle.com
delcowie@gmail.com
johncwalaszek@gmail.com
graham.corrigan@complex.com
ericdiep88@gmail.com
brentonblanchet@gmail.com
chris.udoeyop@gmail.com
rkmarriott@gmail.com
julianxberman@gmail.com
gregory.babcock@complex.com
nickg@triangleoffense.com
serafinoj1@gmail.com
mackenzie.cummingsgrady-freelancer@complex.com
skylarb@four-pins.com
jacob.davey@w00t.complex.com
dshonda.brown-freelancer@complex.com
zjharris91@gmail.com
m.mora511@gmail.com
j.witner@gmail.com
michael.destefano-freelancer@complex.com
555-555-0199@example.com
mjfoucault@gmail.com
jrdspimentel@gmail.com
margaret.bortner@complex.com
justin@crushedlinen.com
supesbusiness@gmail.com
kemet.high-freelancer@complex.com
jmwood.nyc@gmail.com
officialbradrlambert@gmail.com
elizabethentenman@gmail.com
joshwalker.contact@gmail.com
kylel@complex.com
stevedool@gmail.com
jflynn616@gmail.com
bibalderrama@gmail.com
steven.jon.horowitz@gmail.com
jamie.taylor@w00t.complex.com
victorialjohnson09@gmail.com
corey.pellatt@w00t.complex.com
nelsonjr.keith@gmail.com
andrew.gruttadaro@complex.com
paul.weber@complex.com
rap393@nyu.edu
nathanreese@gmail.com
kyk1113@gmail.com
gtopscher@gmail.com
sophiastewart@berkeley.edu
alex.gale@complex.com
kevinjameswong@gmail.com
sg4001@nyu.edu
debencalada@gmail.com
goodmanw@mac.com
aaroncmansfield@gmail.com
cyuscavage@gmail.com
sportstips@complex.com
u003Eaaroncmansfield@gmail.com
rafaelcanton7@gmail.com
info@triangleoffense.com
liam.fox@gmail.com
justin.block@complex.com
u003Esportstips@complex.com
joseph.patterson@w00t.complex.com
maxrappaport@gmail.com
nialltvc@gmail.com
vivekmjacob@gmail.com
zolojede@gmail.com
laura.grande@corusent.com
lukas.weese@gmail.com
amongmenintern@gmail.com
ejl353@nyu.edu
zfagenson@gmail.com
music@sagaftra.org
pchopz23@yahoo.com
jon@doctorjonpaul.com
ncstiles@gmail.com
akeenalegall@gmail.com
kevin.clark-freelancer@complex.com
adisatherookwriter@gmail.com
scottysteiny@gmail.com
qluckyme211@gmail.com
tracey@moore.com
mikeishavaughn@gmail.com
noragrayce95@gmail.com
hi@kish-lal1.com
cardenaslrn@gmail.com
garywarnett@gmail.com
daniel.so@complex.com
naomi.gordonloebl@gmail.com
john.gotty@gmail.com
brandon.richard@solecollector.com
aleks.shklyar@complex.com
amir.j.ismael@gmail.com
support@complex.com
mike.miele@complexnetworks.com
brett.gordon@complex.com
info@curiousfox.com
tomas@schild.net
you@domain.com
Privacy@iacapps.com
dmca@iacapps.com
support@help.askapplications.net
dvohra09@yahoo.com
kgabhart@webagesolutions.com
kurt.cagle@gmail.com
admin@xml.com
hacquard@ica.coop
dataprotection@ica.coop
landsend@landsend.com
websiteinquiry@landsend.com
talkback@landsend.com
damondavis@gmail.com
eric.m.alt@gmail.com
anndinni23@gmail.com
rankerfilm@ranker.com
mweiler@ranker.com
music-lover@ranker.com
ranker-community@ranker.com
Skyler_Hanrath_LB709@ranker.com
rankerfood@ranker.com
Mike_McGranaghan_LB769@ranker.com
rankermusic@ranker.com
saimcheeda@gmail.com
Jim_Rowley_LB924@ranker.com
thisisjacobshelton@gmail.com
williamsbrianjake@gmail.com
masartore@gmail.com
tpetersccc@gmail.com
jdonleyproetto@ranker.com
Jake_Williams_LB993@ranker.com
Tracey_Graham_LB907@ranker.com
mgrebb@ranker.com
anna.lindwasser@gmail.com
rankertv@ranker.com
rankergames@ranker.com
stephanrogetwrites@gmail.com
bustermcdermott@ranker.com
info@ceccapitalus.com
sg@avangate.com
serban.ghita@avangate.com
mail@yoursitename.com
paul_tom@amasso.com
jenniferhorn@msn.com
carol_robinson@amasso.com
William.Froelich@colliers.com
lkenton@abhi.com
youremail@provider.com
dfarley@armadahoffler.com
u003emsedamorales@armadahoffler.com
u003edfarley@armadahoffler.com
tcolon@armadahoffler.com
u003etcolon@armadahoffler.com
msedamorales@armadahoffler.com
sborden@armadahoffler.com
pato@barshop-oles.com
milo@barshop-oles.com
wade@barshop-oles.com
clane@barshop-oles.com
lshaw@barshop-oles.com
grodell@barshop-oles.com
apeterson@barshop-oles.com
ndrozdyk@barshop-oles.com
jrice@barshop-oles.com
bhernandez@barshop-oles.com
dskrehot@barshop-oles.com
angelam@barshop-oles.com
ftrue@barshopventures.com
hls@0.8.9.js
customercare@statesman.com
rconner@ctot.com
bwright@ctot.com
mfawcett@ctot.com
rsanson@ctot.com
tmcmahon@ctot.com
slozano@ctot.com
tmontscurtis@ctot.com
kclark@ctot.com
pmcmillan@ctot.com
bshaddock@ctot.com
bpierce@ctot.com
Opportunityknocks@housemaster.com
ClearstreamHolding@clearstream.com
dchan@cls-group.com
info@medicoinvestor.com
yowainwright@gmail.com
info@leikode.dk
iceclearnetherlandsoperations@theice.com
Everyone-Washington@theice.com
iceendex@theice.com
CorporateCitizenship@theice.com
iceglobalnetwork-info@ice.com
SFTI-Info@ice.com
IBA-Whistle@ice.com
PricingAnalyticsSupport@ice.com
Compliance-Europe@ice.com
ClientNetworks@ice.com
Sales-ICEDataServices-APACEnquiries@ice.com
media@ice.com
BondEdgeClientSupport@ice.com
MarketSupervision-Europe@ice.com
so-posttrade@ice.com
compliance-canada@ice.com
tradevaultsupport@ice.com
compliance-us@ice.com
iddsupport@ice.com
iceendexspot@ice.com
investors@ice.com
IBA-Licensing@ice.com
FeedsSupport@ice.com
asiapacific@ice.com
support@creditex.com
ICEIndices@ice.com
icelinkhelp@ice.com
icechatsupport@ice.com
icehelpdesk@ice.com
Sales-ICEDataServices-USInsideSales@ice.com
Sales-ICEDataServices-EMEAInsideSales@ice.com
marketsupervision-singapore@ice.com
rates@theice.com
equities@theice.com
iceags@theice.com
bells@nyse.com
pr@nyse.com
corporatecitizenship@theice.com
ICELinkHelp@ice.com
k.homann@boersenag.de
m.braun@boersenag.de
m.stanke@boersenag.de
investorrelations@hkex.com.hk
csr@hkex.com.hk
henrysung@hkex.com.hk
ccmed@hkex.com.hk
bianca.blake@lme.com
tkim@ici.org
lhamman@ici.org
paul.mussoni@ici.org
nicole.baker@ici.org
tracey.wingate@ici.org
reprints@morningstar.com
Standards-Card-Identifiers@wearepay.uk
info@payments.ca
modernization@payments.ca
Service.BISIH_Office@bis.org
hotline@eps.com.hk
paypal@amule.szerverem.hu
pamster@cyber-soup.com
bbboy@bbboy.net
-subscribetext@bb.bbboy.net
-subscribehtml@bb.bbboy.net
-information@bb.bbboy.net
johndoe@hotmail.com
-contactadmin@bb.bbboy.net
-unsubscribe@bb.bbboy.net
webmaster@boardhost.com
20drelliot@gmail.com
webmaster@cannylink.com
care@feedly.com
hello@lessonly.com
sales@crucial.com.au
noreply@blogger.com
info@fvd.fr
support@maxmind.com
dpo@maxmind.com
nevada-privacy@maxmind.com
privacy@maxmind.com
california-privacy@maxmind.com
correction@maxmind.com
info@maxmind.com
email@example.com
john@example.com
u002F44921dbd4b3f45888e7a12fa78f945b6@sentry-api.nwse.io
support@consolut.com
career@consolut.com
karriere@consolut.com
sales@consolut.com
support@ientry.com
email-address@website.com
jim@amusive.com
advertise@searchking.com
support@mobicip.com
justin@erenkrantz.com
dfg.webmaster@alaska.gov
legal@lycos-inc.com
randyd11@gmail.com
enquiries@lionsclubs.co
forename.surname@lions105sc.org.uk
20webmaster@lions105m.org.uk
webmaster@lions.org.uk
web@lionsclubs105se.org.uk
mem@abingonlions.org.uk
wel@abingdonlions.org.uk
password@dmoz.org
contact@assuraf.com
webmaster@aventures-et-cie.com
leemage@leemage.com
info@maxhavelaarfrance.org
emcjett@fdic.gov
learning@fdic.gov
Ombudsman@fdic.gov
consumeraffairs3@fdic.gov
klantenservice@vandale.nl
alex.gudden@vandale.nl
zakelijk@vandale.nl
info@vandaletaaltrainingen.nl
info@dsd.org.tr
info@edsa.ee
info@direkvertrieb.de
ndeleon@dsap.ph
post@direktesalgsforbundet.no
contact@acvd.ro
info@dsa.org
info@dsauae.ae
sukanda@tdsa.org
adriana.colloca@abevd.org.br
Asilva@carey.cl
kdsa@kdsa.or.kr
tta@tta.lv
udsa_media@mail.ru
gillian.stapleton@directselling.org.au
info@pssb.pl
info@dsam.org.my
info@directsellingsweden.se
info@osobniprodej.cz
Anastassiya.Kalashnikova@dsa.kz
eduardo.castro@avon.com
seldia@seldia.eu
info@cavedi.org.ar
mfleon@aevd.ec
wrosales@aceved.com
kanri@jdsa.or.jp
amvdac@prodigy.net.mx
info@acovedi.org.co
avd@avd.es
sramary@cevedir.org.ve
Gintautas.zaleckas@ltpa.lt
janet.chang@dsas.org.sg
hudp@hudp.hr
apli@cbn.net.id
office@dsa.hu
cuvedi@cncs.com.uy
info@dsa.org.uk
ruben.familia@amway.com
contacto@capavedi.com.py
milka.ortiz@asoem.org.bo
peter@dsa.ca
Office@dsai.ie
idsagm@idsa.co.in
giuliano.sciortino@avedisco.it
info@ipvd.pt
admin@dsasa.co.za
info@dsa.si
info@asml.fi
info@dsa.org.tw
wyllie@dsanz.co.nz
email@handelsverband.at
info@svdf.ch
administradora@agevd.org.gt
info@disafo.dk
vdv@directeverkoop.nl
info@rdsa.ru
zpp@zpp.sk
mario.hernandez@avon.com
nfo@wfdsa.org
korona@uniarts.fi
siba.hakijapalvelut@uniarts.fi
teak.hakijapalvelut@uniarts.fi
hakijapalvelut@uniarts.fi
michaela.brann@uniarts.fi
maija.gronqvist@uniarts.fi
soili.sirenne@uniarts.fi
hgs+ecrit@cs.columbia.edu
br@brianrosen.net
Hannes.Tschofenig@gmx.net
colm.divilly@oracle.com
nikunj.mehta@oracle.com
greg.rundlett@oasis-open.org
robin.cover@oasis-open.org
carol.geyer@oasis-open.org
robincover@gmail.com
jean.scholtz@nist.gov
document@well.sf.ca.us
nigel.shaw@eurostep.co.uk
steph@comp.nus.edu.sg
info@ws-i.org
kerry.poulter@csw.co.uk
atpn2003@tue.nl
f.ciravegna@dcs.shef.ac.uk
melledge@gca.org
documation@capv.com
oheinone@cc.helsinki.fi
craig@allette.com.au
srn@techno.com
fiebig@zdv.uni-tuebingen.de
exhibit-de@sigs.com
xmlasia99@allette.com.au
interop-summit@omg.org
sgml95@aol.com
gustav.myraune@capgemini.no
sigdoc2003@acm.org
stevef@wrox.com
jarcuri@lighthouseseminars.com
europe98@dpsl.co.uk
duerst@w3.org
Ivo.Houbrechts@esat.kuleuven.ac.be
conferences@sigs.com
jon.bosak@sun.com
christine.vanoirbeek@epfl.ch
masonjd@ornl.gov
stevenn@outerthought.org
workshop-chairs@odrl.net
bosak@netcom.com
Bob.Donohue@ccmail.osti.gov
dwood@cs.ust.hk
pam@ontopia.net
petr@gingerall.cz
iwsprogram@iw.com
jwilliams@sigs.com
milo@post.tau.ac.il
edd@usefulinc.com
info@wilshireconferences.com
conferenceinfo@rsasecurity.com
barga@microsoft.com
wenfei@acm.org
allcach2k@arts.gla.ac.uk
w3c-xml-sig-ws@w3.org
sgml@crdp.droit.umontreal.ca
xml98@gca.org
eric@w3.org
enquiries@drh98.hatii.arts.gla.ac.uk
plg@dpsl.co.uk
eric.armstrong@javaworld.com
XML98@gca.org
simsong@mit.edu
Nicholas@cs.umbc.edu
marcoux@ere.umontreal.ca
Kimmo.Rytkonen@ntc.nokia.com
oscon-idea@oreilly.com
w3c-xml-sig-ws-request@w3.org
mln@cs.odu.edu
majordomo@cs.umbc.edu
sgmlnorge@sgml.no
info@global-conference.com
Paul_Hermans@protext.be
sgmlasia97@allette.com.au
extreme@mulberrytech.com
wecwis@us.ibm.com
sgml95@let.rug.nl
blake@access.digex.net
gut99@ens.fr
xmlnorge@sgml.no
cecile.roisin@inrialpes.fr
wetice@cerc.wvu.edu
web-registrar@www9.org
rob.lemos@cnet.com
andrewc@oreilly.com
engsiong@iti.gov.sg
Sydaus96@aol.com
frank_gilbane@capv.com
kudo@jp.ibm.com
soa-ws@omg.org
mah@sorman.se
Hans.Arents@mtm.kuleuven.ac.be
vxml@internet.com
steve_edwards@csi.com
michael@textscience.com
summer.school@csw.co.uk
brentpope@delphi.com
ecif@ecif.or.kr
brett.mcdowell@ieee-isto.org
sgml97@gca.org
catenazzi@mediatech.didael.it
tug99@tug.org
kolaitis@cs.ucsc.edu
sns@xmlcenter.com
allcach98@llab2.arts.klte.hu
melledge@ideallianace.org
Munich96@aol.com
elpub99@hk-r.se
sgmlasia98@allette.com.au
ht@cogsci.ed.ac.uk
membership@ws-i.org
tess-summer-school@computing-services.oxford.ac.uk
alex@lisa.org
fox@cs.vt.edu
hcf1dahl@ucsbuxa.ucsb.edu
liam@w3.org
tbray@textuality.com
zhanglj@us.ibm.com
furuta@cs.tamu.edu
hr03conf@ucsbvm.ucsb.edu
ksall@cen.com
Hyminder@techno.com
sgml98@remtec.fi
Extreme@mulberrytech.com
sebastian.rahtz@oucs.ox.ac.uk
michelle_ivens@capv.com
sinisa.zimek@sap.com
papers@unicode.org
paul_hermans@protext.be
munson@cs.uwm.edu
lcarriero@interdoc.ca
info@mathmlconference.org
allc-ach96@hd.uib.no
jmorrison@gca.org
yague@lcc.uma.es
maurer@ifi.unizh.ch
ryan@isogen.com
tei-dlf@umich.edu
cave@pira.co.uk
jharnad@idealliance.org
sgml98submissions@remtec.fi
carla@isogen.com
fiona.hawkins@eema.org
informacio@iec.cat
aranea@interlingua.com
u002F051ef4a8994d4b57ae3ca07bd9502949@errors.stripe.com
u003Esupport+terminal@stripe.com
haveyoursay@bbc.co.uk
u003Ebigquestions@theconversation.com
bigquestions@theconversation.com
dsb@dsb.gv.at
compliance@sentry.io
security@sentry.io
bd9df81d859641f39ce626ce2a2cc90d@sentry.io
unsubscribe@cloudflare.com
privacyquestions@cloudflare.com
my_email_alias@use.startmail.com
alias-for-invoices@use.startmail.com
security@stripe.com
privacy@stripe.com
info@stripe.com
8ca50a25374f408699e0eda3eb47e7f9@errors.stripe.com
dpo@stripe.com
dpo@paypal.com
fundraising@openbsdfoundation.org
alice@home.org
ietf-ipr@ietf.org
jon@callas.org
draft-ietf-openpgp-rfc2440bis@ietf.org
hal@finney.org
jseward@acm.org
dshaw@jabberwocky.com
sample@example.com
lutz@iks-jena.de
derek@ihtfp.com
rodney@canola-jones.com
alice@work.com
bug-pks@mit.edu
usability2021@use.startmail.com
usability2020@use.startmail.com
info@devilishlygoodproductions.com
hollywoodblond@hotmail.com
387a0c015e78429ca256c602993e2b92@sentry.io
popmedia@popmedia.fi
tilaajapalvelu@popmedia.fi
aineisto@popmedia.fi
markus.paajala@popmedia.fi
ilmoitusmyynti@popmedia.fi
media@popmedia.fi
raymonte1950@gmail.com
appsupport@eentertainment.com
feedback@syfy.com
usawebmaster@nbcuni.com
nbcd.dev.zendesk@nbcuni.com
telemundo.unsubscribe@nbcuni.com
cmehta@id-pr.com
sgoldberg@id-pr.com
alissethemuse@aol.com
marc.allan@redlightmanagement.com
hhmusicco@herbiehancock.com
music-newyork@paradigmagency.com
artists@marshall-arts.com
bruce.eskowitz@redlightmanagement.com
scott@icondigital.nyc
rmaloney@grfllp.com
support@masterclass.com
info@opjazzfest.org
apellyasiya@mct.gov.az
mamedovtariyel@gmail.com
sales@hotlog.ru
support@hotlog.ru
info@palitrumlab.ru
class5it2@yahoo.com
ananaes6760@yahoo.com
mg@maria-golikova.ru
u00a0sale@idmkniga.ru
corp@idmkniga.ru
info@idmkniga.ru
sale@idmkniga.ru
support@rafaberrio.bandcamp.com
datuak@gureesku.eus
kaixo@serigrafia.eus
dpo@myspace.com
privacy@myspace.com
stopthem@counterfeittechnology.com
moderator@bjork.com
overview_ad_block_100@2x.ec
info@pakartot.lt
info@tytoalba.lt
tornis@tornis.lv
info@nonstop-records.net
nonstop-records@freemail.hu
maloka.distro@free.fr
arvi@hardcore.lt
edgarsb@lanet.lv
attitude@host.sk
info@nnnw.pl
brewer@diypunk.net
maloka@chez.com
malarie@applet.cz
lottercontinua@hotmail.com
karmanskiy@yahoo.com
info@diy.spb.ru
go@hardcore.lt
energetyka@ukr.net
aactivistcollective@yahoo.com
maris.steinbergs@kuldiga.lv
drgreen@hardcore.lt
cinikas@hardcore.lt
kablys@hardcore.lt
kevindothedog@yahoo.co.uk
antra@kuldiga.lv
ipecacuanha@pisem.net
garaz@rocknroller.inet.pl
brewer@saunalahti.fi
ipecacuanha@mail.ru
brewrecords@diypunk.net
madbutcher@pader-online.de
kablys@takas.lt
info@artvalue.org
info@zene.net
revival@johnnycash.sk
core4@core4.sk
ryrg@ryrg.fx
elan@sgtmusic.com
elanshop@sgtmusic.com
smeke@post.sk
smeke2@gmail.xom
wwwadmin@mzv.cz
info@ebe.cz
koronavirus@kr-vysocina.cz
podatelna@khsjih.cz
koronavirus@khsjih.cz
soukop@soukop.cz
support@bandsintown.com
copyrightagent@bandsintown.com
privacy@bandsintown.com
info@iv.lt
info@xbendrove.lt
perkelti@iv.lt
info@mano-svetaine.puslapiai.lt
info@jusu-verslo-pavadinimas.lt
vardenis@mano-svetaine.lt
igor.ostroverkhiy.78@mail.ru
lyly.dke@mail.ru
diana.dedkova66@mail.ru
ealmuratova@inbox.ru
vovaclavish@mail.ru
savicheva_galina@mail.ru
palihova@bk.ru
tatulya.vagner.20@bk.ru
10.ya.20@list.ru
testqa_game_1@mail.ru
testqa_game_5@mail.ru
san4os_79@bk.ru
lozin.vanechka@mail.ru
tschintamani@mail.ru
testqa_game_3@mail.ru
1iyl@mail.ru
oksanochka.nikitina.1973@list.ru
lena141246@mail.ru
testqa_game_6@mail.ru
v-rufanov@mail.ru
testqa0100@mail.ru
olga.m.07.19@mail.ru
mr.dushecka87@mail.ru
sergey.nikolaev@corp.mail.ru
varvaraw@list.ru
gtolovckih@mail.ru
bleid19801213@mail.ru
golovacheva78@mail.ru
testqa_game_4@mail.ru
testqa009@mail.ru
victor_semey@mail.ru
evgenij.chuvashov@bk.ru
diana.dedkova67@mail.ru
testqa_game_2@mail.ru
cheburashka.yaa@list.ru
naira-5858@list.ru
mr.zaharidi-75@mail.ru
ira201580@mail.ru
3951142@mail.ru
german_yulya84@mail.ru
leyaks.di@mail.ru
dudj4@mail.ru
89122195566@mail.ru
ludaipasha58@mail.ru
689b52152649447782d0dcdaccb2801a@cloud.mail.ru
olepav@ucoz-team.net
ya.paramonova@gmail.com
radek@dogfrog.pl
prestigekoncert@ukr.net
info@partmusic.ir
web@elper.net.invalid
finance@online.berklee.edu
registrar@online.berklee.edu
registrar@berkleemusi.com
materials@online.berklee.edu
service@afford.com
advisors@berkleemusic.com
priorlearning@online.berklee.edu
degreecompletion@online.berklee.edu
support@online.berklee.edu
elliott@sound-ideas.com
Berklee@sweetwater.com
accounts@musicgateway.net
berklee@projectsam.com
musiced@presonus.com
support@online.berklee.edui
Berklee@projectsam.com
registrar@berklee.edu
dpo@berklee.edu
privacy@berklee.edu
bhiggins@berklee.edu
archives@berklee.edu
jpinnolis@berklee.edu
ssnyder3@berklee.edu
library@berklee.edu
bpershyn@berklee.edu
auditions@berklee.edu
bcbdance@berklee.edu
bcbmusic@berklee.edu
bcbtheater@berklee.edu
ealberich@berklee.edu
info@berkleeabudhabi.ae
alumniaffairs@berklee.edu
2238@berklee.edu
institutionalassessment@berklee.edu
info@neche.org
publicsafety@berklee.edu
accessibility@berklee.edu
studyabroad@online.berklee.edu
kbell@berklee.edu
ask@housingnyc.com
boxoffice@berklee.edu
617-912-9222boxoffice@berklee.edu
libraryvalencia@berklee.edu
tuitioninsurance@libertymutual.com
bursarvalencia@berklee.edu
registrarvalencia@berklee.edu
studentaccountsvalencia@berklee.edu
equity@berklee.edu
admissionsvalenciaa@berklee.edu
service@magnushealthportal.com
accessibilityresources@berklee.edu
ad@berklee.edu
summervalencia@berklee.edu
mcostaruiz@berklee.edu
healthandwellness@berklee.edu
atcounselingservices@upromedes.com
berklee@upromedes.es
berklee@segurosbarron.com
berklee@upromedes.com
counselingservices@upromedes.com
communicationsvalencia@berklee.edu
marketingvalencia@berklee.edu
hbooker@berklee.edu
eteutsch@berklee.edu
cgreenstein@berklee.edu
medwards@berklee.edu
u003Eexample@yourdomain.com
privacy@aria.com.au
starreservations@star.com.au
Luanie.Thirnbeck@star.com.au
Jiayu.Liang@star.com.au
Jeffrey.Chang@star.com.au
Rachel.Elms@star.com.au
Lisa.Ma@star.com.au
hello@thedarling.com.au
contact@swarovski.com
connect@whitenoise.agency
hello@chook.com.au
info@whymusicmatters.com.au
andrew@skmediagroup.com.au
nat@theprfiles.com
kylie@martini-media.com.au
complaints@amra.org.au
zobbel@zobbel.de
Hometimeshow@absoluteradio.co.uk
absoluteradio70s@absoluteradio.co.uk
AbsoluteRadioClassicRock@absoluteradio.co.uk
absoluteradioclassicrock@absoluteradio.co.uk
absoluteradio80s@absoluteradio.co.uk
oj@absoluteradio.co.uk
hello@scalaradio.co.uk
matthew.rudd@absoluteradio.co.uk
ross.buchanan@absoluteradio.co.uk
absoluteradio90s@absoluteradio.co.uk
absoluteradio60s@absoluteradio.co.uk
Sarah.Bishop@bauermedia.co.uk
absoluteradio00s@absoluteradio.co.uk
dave@absoluteradio.co.uk
studio@absoluteradio.oc.uk
TimeofCorona@gmail.com
adem.waterman@absoluteradio.co.uk
dan.noble@absoluteradio.co.uk
andy.bush@absoluteradio.co.uk
reklama@radioswh.lv
spin@liepu.lv
spin@radioswh.lv
marketings@radioswh.lv
ninternational@premierenetworks.com
info@soulsystem.it
info@oldiesmusic.com
di_namix@yahoo.com
joe@cdxnashville.com
info@americanamusic.org
m.rhoades@americanamusic.org
info@jazzweek.com
smsofc@shanemedia.com
hello@atrylogy.com
micky@forth1.com
George.Bowie@radioclyde.com
darren@greatesthitsradio.co.uk
Greigsy@clyde1.com
Gavin.Pearson@radioclyde.com
alex@greatesthitsradio.co.uk
micky@thegreatesthits.co.uk
paul.carlin@bauermedia.co.uk
fraser@thegreatesthits.co.uk
Jeff.Diack@northsound.co.uk
Mike.Richardson@bauermedia.co.uk
ewen.cameron@bauermedia.co.uk
ewen@thegreatesthits.co.uk
des@greatesthitsradio.co.uk
fraser.thomson@thegreatesthits.co.uk
boogie@forth1.com
garry.spence@bauermedia.co.uk
alan@thegreatesthits.co.uk
gregor@tayfm.co.uk
Stuart.Webster@tayfm.co.uk
grace@mfr.co.uk
michael.macrae@bauermedia.co.uk
martyn.ewart@bauermedia.co.uk
andy@greatesthitsradio.co.uk
Keith.Clarkson@radioborders.com
Steven.Mill@bauermedia.co.uk
john@tayfm.co.uk
Johnny.Campbell@bauermedia.co.uk
Jodie@mfr.co.uk
lynsey.gibson@bauermedia.co.uk
John.Collins@bauermedia.co.uk
meg.mchugh@northsound1.co.uk
hattie.pearson@hitsradio.co.uk
studio@heatradio.com
sean@greatesthitsradio.co.uk
louise@thegreatesthits.co.uk
feedback@tayfm.co.uk
simon@greatesthitsradio.co.uk
grant.thomson@bauermedia.co.uk
p3digilistan@sr.se
studentradiolistan@k103.se
peter.borossy@bauermedia.se
swordray@gmail.com
info@hitlisten.nu
info@free40.nl
webwinkel@platomania.nl
info@ebbersmedia.nl
eigenwijze30@golfbreker.com
studio@bayern3.de
info@bvd-ev.de
radio@ffn.de
technik@chaos-radio.net
support@rtl.it
info@rtl.it
openspace@rtl.it
dpo@skyrock.fm
radio1@radio1.gr
enteryour@addresshere.com
webmaster@neti.ee
vihje@postimees.ee
andres@elmar.ee
raadioreklaam@postimeesgrupp.ee
sigrid.saar@duomedia.tv
elmar@elmar.ee
muusika@elmar.ee
reporter@radio-parada.pl
info@radio-parada.pl
reklama@radio-parada.pl
kontakt@radiobielsko.pl
redakcja@radiobielsko.pl
agencja@radiobielsko.pl
eftalia.chochla@supermedia.pl
rodo@rdc.pl
nm@rdc.pl
rdc@rdc.pl
studio@radio.bialystok.pl
nowemedia@radio.bialystok.pl
redakcja@radio.gniezno.pl
przemiany@przemiany.gniezno.pl
newsroom@zachod.pl
radio@zachod.pl
recepce@radiounited.cz
studio@kiss.cz
info@ujdeto.cz
info@qixi.cz
em@il.cz
studio@radiohana.cz
martin@kaminsky.cz
marcojay@gmail.com
gosamka@gmail.com
u00a0SosPigeons@rtbf.be
info@laluna.lt
reklama@laluna.lt
info@lietus.fm
info@spindulys.net
spinduly@spindulys.net
info@zipfm.lt
info@powerhitradio.lt
web_korrektur@20minuten.ch
sericecenter@hoststar.at
sericecenter@hoststar.ch
servicecenter@hoststar.at
servicecenter@hoststar.ch
info@radio-martin.hr
info@mahasz.hu
moscow@mkrmedia.ru
sales@mkrmedia.ru
info@timeweb.ru
novice@radiocity.si
marketing@radiocity.si
bojaneze@mojradio.com
borut@mojradio.com
info@radio94.si
radio.velenje@nascas.si
davidoff@radiocorp.com.ua
mishurskiy@radiocorp.com.ua
sales@radiocorp.com.ua
fesenko@radiocorp.com.ua
marketing@radiocorp.com.ua
business@radiocorp.com.ua
top40@katrafm.com
info@superfmradio.com
redaktor@unistar.by
mark@aumreport.com
sales@iinet.net.au
support@iinet.net.au
concert@radionz.co.nz
reporters@kuam.com
nestor@kuam.com
adriana@kuam.com
isaiah@kuam.com
jason@kuam.com
lacee@kuam.com
pete@kuam.com
sabrina@kuam.com
joan@kuam.com
malafunkshun@kuam.com
tyler@kuam.com
sho@kuam.com
charts@m-m-t.com
mike_may@m-m-t.com
oldspot-feedback@derekweb.com
montreal.webmaster@virginradio.ca
email@address.com
cjfmfm@listeneremail.net
patrice.croteau@bellmedia.ca
tunedinradio@hotmail.com
webmaster@thebearrocks.com
mcmario@mcmario.com
music@ckdu.ca
info@ckdu.ca
care@chri.ca
brock@chri.ca
webmaster@cjay92.com
ventasradio@mvs.com
studio@dolfijnfm.com
info@dolfijnfm.com
service.atsgroup@gmail.com
eduardo@femenina.com.sv
referencement@reggaefrance.com
yaffa@91fm.co.il
info@teroradio.com
phileweb@ongen.co.jp
info@karao.com
radio2@rthk.hk
help@help.bugs.co.kr
chart@chartkorea.net
jobs@rx931.com
events@rx931.com
internship@rx931.com
schools@rx931.com
sales@rx931.com
scholar@rx931.com
ios@rx931.com
hosts@rx931.com
Info@mixfm.com.lb
Jobs@mixfm.com.lb
reklam@numberone.com.tr
sugar@samp3.com
sugar@sugarmusic.co.za
contato@difusorafm.com.br
comercial@fm89.com.br
limdenos@hotmail.com
rodrigovenegas@fmokey.cl
contacto@estelarfm.com
anders.opsahl@p4.no
kenneth.andresen@p4.no
birgitte.malling@p4.no
marte.svarva@p4.no
stian@nrj.no
charts@mis-charts.de
info@mis-charts.de
ppomfret@eu.billboard.com
rcompanioni@billboard.com
info@apcchart.com
jmason@ibinx.com
musicdir@kuci.org
md@kuci.org
music@kuci.org
fairbanksradio@iheartmedia.com
daveryan@kdwb.com
1069kroc@kroc.com
carly.ross@townsquaremedia.com
media.submit.kroc@townsquaredigital.com
publicfile@kroc.com
aarongalloway@townsquaremedia.com
ben.taylor@townsquaremedia.com
caitlin.doran@gmail.com
mal@witr.rit.edu
business@witr.rit.edu
judytorreslifecoach@gmail.com
orders@tonevendor.com
charts@wmce.eu
john@chartwatch.co.uk
oldies@snet.net
info@archive.org
md40chart@gmail.com
yername@yerbandname.com
editor@rkstar.com
bpowell@thestar.ca
nyousif@thestar.ca
gngabo@thestar.ca
ctulk@thestar.ca
rdimanno@thestar.ca
rferguson@thestar.ca
rmendleson@thestar.ca
tracyhanes@yahoo.ca
drider@thestar.ca
krushowy@thestar.ca
shinang@hotmail.com
aboutilier@thestar.ca
stevemckinley@thestar.ca
bxavier@thestar.ca
josh@thestar.ca
npilla@torstar.ca
mzwolinski@thestar.ca
leebailie@hotmail.com
mdeighton@torstar.ca
amckeen@thestar.ca
obowden@thestar.ca
bdemara@thestar.ca
omarmosleh@thestar.ca
ekeenan@thestar.ca
jyang@thestar.ca
msarrouh@thestar.ca
leannedelap@hotmail.com
walkomtom@gmail.com
victoriagibson@thestar.ca
ersmithwriter@gmail.com
newstips@thestar.ca
dlea@metroland.com
slevitz@torstar.ca
kwallace@thestar.ca
mwarren@thestar.ca
lrosella@metroland.com
kl@thekit.ca
adriancheung@thestar.ca
rmudhar@thestar.ca
seitizaz@thestar.ca
epaper@thestar.ca
corporategroupdigital@torstar.ca
info@world-charts.de
ari@ivritype.com
ronwiseman@yahoo.com
bjjcinfo@iname.com
info@hotkugelklezmerband.com
renew@iinet.net.au
office@viennaklezmerband.com
BBIKlezmer@aol.com
klezmaar@dse.nl
kaplan@duke.usask.ca
Radiobarry@aol.com
OrPnimi@aol.com
skinner@grinnell.edu
74543.2316@compuserve.com
shalomamerica@netscape.com
service@wergo.de
mail@arhoolie.com
edymeola@inwind.it
maria@yadarts.com
cmmang@soho.ios.com
livetrads@aol.com
grnlinnet@aol.com
info@pinorrekk.de
pastrnak@jewishmusic.com
lal@laldiscos.com
WeddingBands@aol.com
music@uvulittle.com
dazuker@ibm.net
intrwrld@sover.net
shanachie@aol.com
records@piranha.de
info@rounder.com
richard@grassshackrecords.com
eckermann@snafu.de
info@arcmusic.co.uk
redhouse@redhouserecords.com
oriente@bln.de
alex@ammusic.com.au
denburg@direct.ca
info@compassrecords.com
eidolon@midnight.com.au
free-reed@trfn.clpgh.org
judy@koenig-adpr.com
schwegel@chipublib.org
smid@notia.cz
Hi8067@aol.com
jeffrey.perlman@yale.edu
Michael.W.Atleson@maine.gov
100423.3243@compuserve.com
ruby@rubyharrismusic.com
noam@cobrador.net
yair@soundportraits.org
Rebekka_Weinstein@brown.edu
BennyBe@ix.netcom.com
salomonsteiner@yahoo.com
mrenert@home.com
hc.hansson@goteborg.mail.telia.com
eminovitz@canoemail.com
elissa@inx.net
dlowther@telus.net
sieb@sympatico.ca
jmlayne@excite.com
dcuriel@mbox.vol.it
shubert@total.net
dowens@pasty.com
lloydwolf@lloydwolf.com
howard.wolfson@mail.house.gov
jerzym@dom.zabrze.pl
macpro3000@yahoo.com
polipoli@quick.cz
jmeno@firma.cz
name@company.com
zajezdy@zajezdy.cz
nuclearphatboy@hotmail.com
serba@post.cz
bj_fuyilian@163.com
listadzieci@polskieradio.pl
email2fm@rte.ie
lamhang@geocities.com
thecakeholeschoir@yahoo.com
aliorbaum@gmail.com
alisonbomber@yahoo.co.uk
amberleycc@gmail.com
admin@chrisjames.net
cjames@chrisjames.net
sarasings@ymail.com
emformusic@outlook.com
ailsa@thevinsons.co.uk
sound4life@mac.com
dianerobsonmusic@gmail.com
shirls@voxrox.co.uk
bellowfellowschoir@gmail.com
info@abimoore.com
voxbox@btinternet.com
janetswan11@gmail.com
singinowt@mouthfulway.co.uk
Heathermurray125@gmail.com
chrysblanchard@naturalvoice.net
keelylhodgson@gmail.com
singingintherain@mac.com
acapellajude@gmail.com
cazjeffreys@gmail.com
eleanorholliday@googlemail.com
akabellasing@gmail.com
bill@billsmusic.co.uk
Tanyawalkermusic@hotmail.com
jacky.hintze@outlook.com
singing.jennyg@googlemail.com
davidburbidge@hotmail.com
gavin_frank@yahoo.co.uk
delia@naturalvoice.net
grozenthuler@gmail.com
info@singout.me.uk
info@soundspirit.co.uk
sheilatang68@hotmail.com
marion@singportland.com
laura.hewison@morleycollege.ac.uk
neringamusic@gmail.com
frankiearmstrong45@gmail.com
info@aliburns.co.uk
jamesdangelomusic@gmail.com
info@ailsanicholson.co.uk
info@kajsanorrby.se
courses@jofreya.com
info@tonalismusic.co.uk
andieandi@gmx.de
charlotte@lifebulb.org
christinapossum@bigpond.com
gjenkins@email.com
press@thebalance.com
contact@thebalance.com
security@dotdash.com
press@dotdash.com
advertise@dotdash.com
notification@jobvite.com
security@thebalance.com
NevadaPrivacy@thebalance.com
SafeHarborAgent@about.com
privacy@thebalance.com
optout@thebalance.com
bugbounty@thebalance.com
jgerman@email.com
Sonya.see@email.com
albert.jones@email.com
madisonblackstone@gmail.com
jane.applicant@email.com
jose.applicant@email.com
joe.applicant@email.com
email@email.com
soccerlover@hotmail.com
ffixer@email.com
johnsmith@gmail.com
PartyTime@email.com
alex.applicant@email.com
ggold@email.com
ssamples@email.com
anna.page@email.com
bbrashears@email.com
ramona.applicant@email.com
marcus.applicant@email.com
krzajack.applicant@email.com
may.johnson@email.com
manny.manager@email.com
me@kategreen.com
jamesapp@email.com
elias.applicant@email.com
james.applicant@email.com
matthew.applicant@email.com
janna.cramson@email.com
benjamin.applicant@email.com
rreporter@email.com
info@careeronestop.org
dhr.recruitment@vermont.gov
username@example.com
wendy@wendyenelow.com
louise@louisekursmark.com
jamie.applicant@email.com
john.applicant@email.com
amanda_billings@email.com
abc@abc.com
ggraduate@email.com
lucy.rogers@email.com
jfernandez@email.com
brianna.clumber@email.com
Firstname_Lastname@gmail.com
lucius.applicant@email.com
mary.garcia@email.com
john.smith@email.com
jasmine.applicant@email.com
Crafty_catlady@yahoo.com
OrcWarrior100@gmail.com
marjoriejones@email.com
John.T.Smith@gmail.com
addison.applicant@email.com
josephq@email.com
victoria.hernandez@email.com
lewis.applicant@email.com
william.applicant@email.com
bethmaple@email.com
june.armour@email.com
zach.applicant@email.com
eric.applicant@email.com
april.applicant@gmail.com
gerald.applicant@email.com
yourname@email.com
henry.applicant@email.com
michael.erwin@careerbuilder.com
roy.maurer@shrm.org
joseph.applicant@email.com
maryblue6734@email.com
gloria.lau@email.com
elizabethjohnson@emailaddress.com
email@emailaddress.com
tamara.jones@email.com
sweetiepie@email.com
cutiepie123@email.com
jana.brand@brand.com
careers@company.com
anthony.applicant@email.com
name@gmail.com
mightyelfmage@email.com
carly.applicant@gmail.com
janey_jordan@email.com
tubaguy@email.com
jiacademician@ku.edu
sam.student@email.com
adam.leduc@xyzmail.com
evan.jones@xyzmail.com
Madeleine.Grimes@email.com
Kara.White@email.com
jane.doe@email.com
alexandra.janning@email.com
sarah.jones@email.com
jjones@email.com
hbaleigh@brandeis21.edu
sandy.applicant@email.com
hjenkins@brandeis21.edu
sqmonroe@columbia.edu
lgrant@ocean.edu
conferencehousing@georgetown.edu
jim.smith@email.com
jnichols@nyu.edu
sgray@ocean.edu
jjones@rochester.edu
suzy.applicant@email.com
ajones@nyu.edu
aaaaaaa@aol.com
walter.lee@email.com
rholmes@grahamcorrporation.com
callie.lee@email.com
jack.lau@email.com
kiera.rodriguez@email.com
larry.lee@email.com
jean.espinoza@email.com
bill.lee@email.com
george.lau@email.com
george.sampson@email.com
rebecca.daniels@email.com
helen.scott@email.com
steve.yang@email.com
info@lindenbergergroup.com
Mstoltz-loike@seniorthinking.com
lrichardson@homedepartment.com
ethan.windsor@email.com
mary.ellen@email.com
julian.smith@email.com
helen.whitebread@email.com
marge.lee@email.com
helen.smith@email.com
david.lee@email.com
maria.yang@email.com
band@13winters.com
thedrumshopmaine@gmail.com
copyright@cdbaby.com
cdbaby@cdbaby.com
privacy@cdbaby.com
notice@cdbaby.com
kari-lynch-band@2x-b9ead5f731cf5dfa7299345872f2ad08f84f9714bdc2898e742f8827e445d085.jp
info@qrsts.com
sales@lycos-inc.com
privacy@lycos.com
abuse@lycos-inc.com
permissions@lycos-inc.com
support@support.lycos.com
legal@tucows.com
domains@tucows.com
rightside@opensrs.com
john@joshuaink.com
few522@aol.com
cole@coleporter.org
Chuckever@aol.com
webmaster@davematthewsband.com
fanmail@davematthewsband.com
visitors@unionstation.org
burger@mail.ljudmila.org
striper@eunet.or
metaphrog@metaphrog.com
laboite@laboitedaluminium.com
het_raadsel@whs.net
bries@pi.be
JuttaHarms@gmx.net
striper@eunet.org
chris@topshelfcomix.com
info@motkomiks.cz
20burger@mail.ljudmila.org
cona@cona.si
fielstette@made-by-light.com
20tanuma@lighting.co.jp
urednik@kulturnik.si
culture@ljudmila.org
delavnica@ljudmila.org
infringement-claim@spotify.com
contact@adfarm.in
your.email@here.com
exempel@epost.com
office@spotify.com
ir@spotify.com
namn@yourhobby.com
customersupport@ign.com
lucyannebradshaw@icloud.com
richmulryne@gmail.com
outreach@blackboxbelfast.com
admin@blackboxbelfast.com
tickets@theatreroyal.ie
manager@theatreroyal.ie
info@lochwitz.de
thomas.a.swift@gmail.com
datpiffsupport@media-lab.ai
jtaylor@hiphoplately.com
dmca@yola.com
you@yoursite.com
support@rtbwizards.com
yourmail@yourmail.com
you@yours.com
editor@miniclub.com.au
midnorthcoast@miniclub.com.au
echairman@miniclub.com.au
merchandise@miniclub.com.au
lincoln@ausminispares.com.au
ian@ianluff.com.au
rob@ppcco.com.au
info@miniclub.com.au
info@sumidel.com
Secretary@miniclub.com.au
historicregistrar@miniclub.com.au
social@miniclub.com.au
20l_benton@tpg.com.au
20webmaster@miniclub.com.au
promotions@miniclub.com.au
competitionsecretary@miniclub.com.au
secretary@miniclub.com.au
asshistoricregistrar@miniclub.com.au
competitioncaptain@miniclub.com.au
treasurer@miniclub.com.au
president@miniclub.com.au
registrar@miniclub.com.au
minimonte2021@miniclub.com.au
joan.vaughan@optusnet.com.au
info@minisinthegong.com.au
MDU2021@miniclub.com.au
jimdavo3158@gmail.com
jflower@cityofparramatta.nsw.gov.au
social@spriteclub.com
richard@wattlerdinvestments.com.au
mail@mokeroundup.com.au
peugeot505@optusnet.com.au
festival@rathmines-catalina.com
glenn@pertronic.com.au
daniel.boaden@ardc.com.au
admin@motorlifemuseum.com
andrew.slender@ardc.com.au
Ross.Howell@worthingtonprestige.com.au
eventsecretary@caca.org.au
stevercarey@bigpond.com
Social@miniclub.com.au
Social@minclub.com.au
avisfowler@optusnet.com.au
rogerfoy1@bigpond.com
info@altamontfair.com
legal@reverbnation.com
paulahazel07@gmail.com
info@lessthanjake.com
orders@a-frecords.com
naveed@mddn.co
sean.goulding@unitedtalent.com
press@a-frecords.com
bz@dynamictalentint.com
info@tenfootpole.com
info@kungfurecords.com
stacey@bbc.co.uk
bbcthreewebfeedback@bbc.co.uk
info@survivingabuse.org
development@nca-online.org
phonehelp@support.netzero.com
Ethan.Bellows@timeinc.com
burhan.hamid@timeinc.com
kristen.harding@ew.com
customerservicevip@variety.com
terms@movieinsider.com
brian@movieinsider.com
advertising@movieinsider.com
dmca@movieinsider.com
Editor@writersebook.com
randyn@earthlink.net
info@needhim.org
stuartcwmg@aol.com
asssit@christianwebsitesdirectory.com
Terry@webtechdg.com
news@testthespirit.com
admin@free-website-hit-counter.com
Complaints@ct.bbb.org
cservice@ecsi.net
md@2x.ca
md@2x.ac
connie@faithpoetry.com
Lori@freakingeniusmarketing.com
info@softwaresynergistics.com
YourImpressions@softwaresynergistics.com
post@nortekk.no
taksenter@nortekk.no
kelly.lund@cityofvancouver.us
rickscherer@comcast.net
homekeeprsbob@gmail.com
jtaarhus@comcast.net
Katharine.Rich@evergreenps.org
info@columbiatheatre.com
info@artsequity.org
webmaster@zoomcart.asgweb.tk
linn@webtechdg.com
spartium_enquiry@yahoo.co.uk
JohnMarinelli@embarqmail.com
c9a7b4c80c0841cd9e4ea1221ac0fe79@o65230.ingest.sentry.io
support@videoblocks.com
support@storyblocks.com
booking@apologetix.com
privacy@christiancafe.com
mailing@christiancafe.com
tech@christiancafe.com
abc123@gmail.com
pr@beforeandaftermusic.com
support@justinpeters.org
RamelleSkip@aol.com
ramelleskip@aol.com
ydlavender@yahoo.com
leavesofgold.llc@gmail.com
wtvision@hotmail.com
makemelikejesus@sbcglobal.net
luzjan@juno.com
press@imdb.com
imdb-licensing@imdb.com
copyright@imdb.com
Fella_shibby@yahoo.com
gamk@yahoo.com
u003cgamk@yahoo.com
loh@sfu.ca
marvin@bike.augusta.de
u003ctoomsp@hotmail.com
toomsp@hotmail.com
cst@imdb.com
u003ccst@imdb.com
mfleetwo@mail.coin.missouri.edu
u003cmfleetwo@mail.coin.missouri.edu
u003cjeffmellinger@astound.net
jeffmellinger@astound.net
u003crobocoptng986127@aol.com
u003chusnock31@hotmail.com
husnock31@hotmail.com
u003ckprayb01@homer.louisville.edu
kprayb01@homer.louisville.edu
docrlynch@yahoo.com
col@imdb.com
u003ccol@imdb.com
nmxpa7@msn.com
magee@helix.mgh.harvard.edu
rcs0411@yahoo.com
gunwanti@hotmail.com
peter-patrick@mail.com
stephan@cc.wwu.edu
as.idc@forsythe.stanford.edu
webmaster@filmfreak.co.za
u003cbole@life.bio.sunysb.edu
bole@life.bio.sunysb.edu
u003cBKeane2@email.dot.gov.au
BKeane2@email.dot.gov.au
kchishol@rogers.com
eberdon@aol.com
u003ceberdon@aol.com
jlvogel@comcast.net
tony.fontana@spacebbs.com
u003cjumblejim@prodigy.net
jumblejim@prodigy.net
cmeadows@nyx.cs.du.edu
u003ccmeadows@nyx.cs.du.edu
u003cmagee@helix.mgh.harvard.edu
u003cjlvogel@comcast.net
u003cjmell@uclink4.berkeley.edu
jmell@uclink4.berkeley.edu
mrt@oasis.icl.co.uk
u003cmrt@oasis.icl.co.uk
michael@everyman.demon.co.uk
daleoc@interaccess.com
u003cstephan@cc.wwu.edu
randywong70@comcast.net
u003cjhailey@hotmail.com
jhailey@hotmail.com
jamestyu@ccwf.cc.utexas.edu
alex.mjacko@mypeepul.com
u003ctron@lyssa.owl.de
tron@lyssa.owl.de
bruce@cs.su.oz.au
c9310494@alinga.newcastle.edu.au
hypersonic91@yahoo.com
u003cas9401k56@ntuvax.ntu.ac.sg
as9401k56@ntuvax.ntu.ac.sg
u003cmuzzle@cs.uq.oz.au
muzzle@cs.uq.oz.au
albl@inforamp.net
alex.mjacko@gmail.com
u003cdocrlynch@yahoo.com
support@boxoffice.com
info@boxoffice.com
orfilms@gmail.com
peter@slashfilm.com
u003cmail@boxofficemojo.com
1937ab71c8804b2b8438178dfdd6468f@sentry.io
ed_stal@hotmail.com
u003ced_stal@hotmail.com
mmccorry@nb.sympatico.ca
Eric_Sorensen@fc.mcps.k12.md.us
kchishol@execulink.com
cmiller@binx.mbhs.edu
jsackste@bellsouth.net
erika@email.unc.edu
mrsatan@geocities.com
j_archer@trek-generations.co.uk
jgp3553@yahoo.com
u003cgroovinhipster@hotmail.com
groovinhipster@hotmail.com
briguy_52732@yahoo.com
ccgrad97@aol.com
lammens@connexus.apana.org.au
u003crhino@blueyonder.co.uk
rhino@blueyonder.co.uk
durlinlunt@acadia.net
u003cdurlinlunt@acadia.net
micabob@ix.netcom.com
tallulahg@aol.com
u003cmmccorry@nb.sympatico.ca
u003ctterrace@wco.com
rocher@fiberbit.net
u003crocher@fiberbit.net
u003cajback@yahoo.com
ajback@yahoo.com
u003ckchishol@execulink.com
kchishol1970@gmail.com
nqiregvfr@nyyzrqvnargjbex.pbz
voipo1@workgroup.internal.voipwelcome.com
samples@weareclario.com
legal@weareclario.com
support@mackeeper.com
sylvia@avianaproductions.com
info@videoview.gr
ds@gothamus.com
ersc@mcpsmd.org
info@olympusat.com
Jamie@signalfilm.tv
info@commercialfactory.com
20jcarrier@dhresults.com
info@dhresults.com
dhuslin@dhresults.com
web-support@sbgtv.com
dsa-compliance@isagenixcorp.com
mhk@mhkhawaii.org
digital-marketing@groups.purdue.edu
info@suu.edu
christine@cycreate.com
info@crystalpix.com
info@dream-box.tv
info@7ate9.com
news@regionalhospicect.org
contact@lastnerveproductions.com
info@foundationhoc.org
info@allencomm.com
info@cranemorley.com
morgan@kfalosangeles.com
jeffrey@kfalosangeles.com
alexandriahoevel@kfalosangeles.com
jonathan@kfalosangeles.com
andrea@kfalosangeles.com
christine@kfalosangeles.com
jaysonchamplain@kfalosnangeles.com
jaime@kfalosangeles.com
monica@kfalosangeles.com
robdrury@ksaloangeles.com
armanmassahi@kfalosangeles.com
houmanattarha@kfalosangeles.com
josh@kfalosangeles.com
azi@kfalosangeles.com
Barbara@kfalosangeles.com
christiane@kfalosngeles.com
info@kfalosangeles.com
manuel@kfalosangeles.com
barbara@kfalosangeles.com
dulce@kfalosangeles.com
tamra@kfalosangeles.com
bradleeds@kfalosangeles.com
david@kfalosangeles.com
gina@kfalosangeles.com
marcoramirez@kfalosangeles.com
jeffdewitt@kfalosangeles.com
miguel@kfalosangeles.com
dianahernandez@kfalosangeles.com
denise@kfalosangeles.com
erick@kfalosangeles.com
wade@kfalosangeles.com
alex@kfalosangeles.com
innateplyakova@kfalosangeles.com
alexandria@kfalosangeles.com
Matej@kfalosangeles.com
emmanuel@kfalosangeles.com
bvaltman@kfalosangeles.com
misty@kfalosangele.com
katrinathordarson@kfalosangeles.com
keritownsend@kfalosangeles.com
yvonne@kfalosangeles.com
karen@kfalosangeles.com
tyler@kfalosangeles.com
chad@kfalosangeles.com
fernanda@kfalosangeles.com
ken@kfalosangeles.com
chuck@chuckbarnes.net
monicamendoza@kfalosangeles.com
mhohmeier@kfalosangeles.com
elizabeth@kfalosangeles.com
john@kfalosangeles.com
allison@kfalosangeles.com
bob@kfalosangeles.com
joshua@kfalosangeles.com
kathy@kfalosangeles.com
alexanderbooth@kfalosangeles.com
tricia@kfalosangeles.com
jeehyun@kfalosangeles.com
juan@kfalosangeles.com
kristian@kfalosangeles.com
sara@kfalosangeles.com
amandaclarke@kfalosangeles.com
tarrah@kfalosangeles.com
jessereyes@kfalosangeles.com
livia@kfalosangeles.com
mane@kfalosangeles.com
lmontealegre@kfalosangeles.com
lise@kfalosangeles.com
kevin@kfalosangeles.com
dara@kfalosangeles.com
kristyn@kfalosangeles.com
app@oot-esj.com
webcontact-ootesj@itds.ch
admissions@taylor.edu
info@krp.rocks
info@savvy-productions.com
info@thegreatplains.com
kathy.bruner@taylor.edu
jdkirkwood@taylor.edu
info@encompasscnl.com
info@voyeurfilms.net
info@heroesofoldhickory.com
jnbouw@taylor.edu
ktbruner@taylor.edu
cindy_reishus@taylor.edu
914c855012aa442c81be3d2300eb13d2@sentry.wixpress.com
46ad76cef1c840139844ab4624c33fe2@sentry.wixpress.com
80f08270000145e1be987a32c9bc72da@sentry.wixpress.com
f1ffc0b5efe04e9eb9762cd808722520@sentry.wixpress.com
0ad673bcd05c455f9a04042b2c0cc88d@sentry.wixpress.com
hello@qworky.io
hello@shootyou.com
quint@shootyou.co.uk
7@o.pe
admin@cabl.com
support@movieweb.com
vendors@template.index.js
template.page.story@template.product
vendors@layout.theme.js
vendors@template.page.press
wave_hunter@outlook.com
maxsagain@gmail.com
jimovies@msn.com
cwtvpr.info@cwtv.com
dpo@futurenet.com
push.notifications@futurenet.com
accessibility@futurenet.com
jessika.walsten@futurenet.com
william.gannon@futurenet.com
michael.farrell@futurenet.com
daniel.frankel@futurenet.com
chelsea.anderson@futurenet.com
john.eggerton@futurenet.com
thomas.umstead@futurenet.com
kent.gibbons@futurenet.com
palbiniak@gmail.com
michael.demenchuk@futurenet.com
futureplc@computerfulfillment.com
jon.lafayette@futurenet.com
michael.malone@futurenet.com
nexttv@futurenet.com
loffredo@acgcc.com
Shalini.Ramachandran@wsj.com
shalini.ramachandran@wsj.com
keach.hagey@wsj.com
laura.engel@futurenet.com
abiy.bekele@futurenet.com
dena.malouf@futurenet.com
elizabeth.kaufman@futurenet.com
megan.kessler@futurenet.com
christopher.warne@futurenet.com
thomas.sikes@futurenet.com
deanie.griffin@futurenet.com
needtoknow@nbmedia.com
courtreporting@txcourts.gov
info@vitac.com
info@emigre.com
joeclark@fawny.org
info@titelbild.de
techsupport.clerkweb@mail.house.gov
info.clerkweb@mail.house.gov
public-comments-wcag20@w3.org
support@zen.co.uk
info@geminiink.org
hello@threadreaderapp.com
karl@tenon.io
icon-microFB-on-check@2x.ce
feedback@globeandmail.com
2a62c5378d9b4c8aa92615a84e120430@sentry.io
letters@globeandmail.com
publiceditor@globeandmail.com
nci.terminated.workforce@gmail.com
veerle@duoh.com
support@pbworks.com
sales@pbworks.com
20bb@betinalaplante.com
3Apeter@boehringerphotography.com
idrc@ocadu.ca
robert.luke@utoronto.ca
laurie.harrison@utoronto.ca
example@example.com
lindsayh@owl.co.uk
interactive@vnet.ibm.com
anne.brown@sympatico.ca
info@dvdreview.com
merrickgroup@earthlink.net
actionzone@worldnet.att.net
css-license@lmicp.com
studiowien@cutcopy.com
css-info@lmicp.com
dvd@rbw.net
listserv@listserv.temple.edu
e-yu882@hitel.net
ianni@cks.com
m.fiocchi@snv.it
tcvideo@btinternet.com
dvdxtra@sa.uno.ne.jp
dvs@microsoft.com
miyagi@yupimail.com
asvideo@t-online.de
jtfrog@usa.net
access@kennedy-center.org
procedure@crtc.gc.ca
tori_bedford@wgbh.org
Emily_Judem@wgbh.org
victoria_bedford@wgbh.org
disability@humanrights.gov.au
youremail@email.com
marketing@ncicap.org
grace@goldenname.com
Janice@goldenname.com
Angel@goldenname.com
Kayla@goldenname.com
Pascale@goldenname.com
Alin@goldenname.com
Flora@goldenname.com
Mina@goldenname.com
Support@goldenname.com
Michael@goldenname.com
Helen@goldenname.com
Anna@goldenname.com
Meggie@goldenname.com
Care@goldenname.com
Monica@goldenname.com
Luky@goldenname.com
Ruby@goldenname.com
Catherine@goldenname.com
privacy@oxfordproperties.com
popular_gifts_online@yahoo.com
info@yukfoo.net
debikasihi@yahoo.com
madison.campbell@austchamshanghai.com
hostmaster@adland.tv
desktop-hero-screenshot@3x.en
bizdev@brave.com
AdSales@brave.com
press@brave.com
desktop-hero-screenshot@2x.en
desktop-hero-screenshot@1x.en
adsales@brave.com
dabitch@adland.tv
evanbrown99@gmail.com
justin@oneclub.org
hellolionarses@gmail.com
hello@preymaker.com
london@kilmerandcruise.com
max.dog@dro5a.com
david.droga@dro5a.com
sonya@millergroup.net
Sultana.Begum@insolvency.gov.uk
caninecare@ly.st
ranchhose@gmail.com
firstname@adagencyname.com
master@rm-modaedesign.it
mike@bullz-eye.com
beerreviews@bullz-eye.com
djk@epguides.com
fergus@epguides.com
info@umusic.com
press@pvolve.com
d310ec1875ac49c099b19a3d6de5b30b@sentry.io
yogaondemand@corepoweryoga.com
press@dailyburn.com
biz@dailyburn.com
elor@houzz.com
clientsupport@houzz.com
someone@example.com
CustomerService@raymourflanigan.com
address@example.com
hello@brooklinen.com
info@oeko-tex.com
9d75ab1689914959aee9a36b4485a8c1@o472819.ingest.sentry.io
info@ncbi.nlm.nih.gov
wwwnlm@nlm.nih.gov
nobody@ncbi.nlm.nih.gov
support@emagazines.com
time@subscription.co.uk
tik.root@gmail.com
feedback@oc.usda.gov
agref@nal.usda.gov
answers@usda.gov
arp@usda.gov
arsweb@usda.gov
todd.silver@usda.gov
Answers@usda.gov
ARS-careers@usda.gov
Editorial@livestrong.com
editorial@livestrong.com
advertising@livestrong.com
90ed891e95d44b5a80d15eba76cee239@sentry.flipboard.com
publisher_support@flipboard.com
tomatos_xs@2x.ff
paul@myfooddata.com
hoban@andrew.cmu.edu
bbittner@neca.com
Mclay@voicenet.com
adelehere@aol.com
holt2468@home.com
gnew@mail.gcsu.edu
jcswanson@riverview.net
Winterborn70@yahoo.com
kkbias@aol.com
Tamaralc2000@aol.com
mmonte@prodigy.net
becki@c-zone.net
jmateyka@pacbell.net
wiggles256@yahoo.com
clp@painewebber.com
janewoolabver@accesswave.ca
cheri6@cox.net
judymo@sprint.ca
u003Ecustomerrelations@allrecipes.com
customerrelations@allrecipes.com
elizabeth@bowlofdelicious.com
hello@oncecoupled.com
2db1fe908c734593b15029361071c2a4@sentry.io
Tina@larjmedia.com
sammi@nutritionworksny.com
sammi@sammibrondo.com
Frank.Turano@timeinc.com
sergio.santos@get10up.com
info@foodinsight.org
u002F01670db7f463402085dc9e319887ec36@sentry.io
jorie.mcdonald@timeinc.com
support@melacomfort.co.uk
your-email@shopify.com
info@concept2.co.uk
info@concept2.de
info@concept2.ch
info@concept2.at
info@concept2.nl
info@concept2.com.au
info@concept2china.com
rowing@concept2southafrica.com
c2@jnbsports.com
info@concept2.it
info@rowsport.com
service@gymco.com.tw
post@concept2.no
info@ergfit.co.nz
vermont@vermontc2.com
concept2@concept2argentina.com.ar
infos@deltamarketingco.com
rowing@siol.net
C2@jnbsports.com
info@rowsport.ru
info@centersport.com
sales@sykes.com.au
reiner@modest-sport.dk
daniela@rowline.com
santiago.fuentes@remomexico.com
akifitness@akigroup.com
ergozz@ergozz.hu
order@concept2sverige.se
penteer@concept2.ee
info@concept2.sk
info@avironracing.com
toimisto@finnrowing.com
filippi.boats@filippiboats.it
c2global@concept2.com
aas@aasport.gr
davegvt@aol.com
l.opazo@vtr.net
sales@concept2.bg
fitness@nautiquatro.pt
vendas@ultrawod.com.br
lakes@global.net.mt
info@incept-sport.fr
macca@macarbi.com
service@completemad.com
info@concept2.jp
prof@interatletika.com
sala@sportvorur.is
concept2@markus.com.pl
komoent@hotmail.com
info@go2row.ru
tracyd@concept2.com
ranking@concept2.com
sourcing@birkenstock.com
benexy-info@benexy.com
u003Esws@s4s.is
u003Emartyee@intnet.mu
crmsupport@pacifica.co.th
info@birkenstock.com.tr
u003Egenphill@tstt.net.tt
kris.khoo@map.co.id
franks.shoes@in.net.nf
karnit@ia-il.co.il
sungho.jang@lfcorp.com
nutmegltd@yahoo.com
web@birkenstockmexico.com
u003Efootfit@setarnet.aw
info@nuevomundo.biz
u003Esales@littlesoles.co.ke
info@occo.ma
u003Eeuroamegua@intelnet.net.gt
u003EKimmen@onenet.an
u003Einfo@naturallook.it
u003Einfo@birkenstock.com.au
u003Ebirkenstockbarbados@gmail.com
u003Eplantabg@yahoo.com
u003Erotterdam@birkenstockstore.nl
u003Einfo@shopandtrade.gr
plantabg@yahoo.com
u003Ensumic@mail.inet.hr
u003Einfo@seedcorp.jp
info@orthofeet.gr
u003Ewgobel@zeop.re
info@spotboutik.com
u003Eomarjee@intner.mu
birkenstock.ph@primergrp.com
u003Esakellaris@interagora.gr
u003Einfo@birkenstockstore.nl
bjarma@misty.is
u003Esungho.jang@lfcorp.com
u003Ephildohn@pt.lu
u003Ekarnit@ia-il.co.il
sales@littlesoles.co.ke
info@birkenstock.ie
u003Einfo@nuevomundo.biz
martyee@intnet.mu
u003Econtact@broad.dz
u003Einfo@appareluae.com
u003Einfo@birkenstock.fi
genphill@tstt.net.tt
davidknobloch@email.cz
u003Einfo@orthofeet.gr
u003Efranks.shoes@in.net.nf
becopassadore@gmail.com
u003Ewholesales@millock.com.hk
europa7k@mail.ru
sakellaris@interagora.gr
info@birkenstock.fi
sws@s4s.is
u003Einfo@lanaform.com
info@bastadgruppen.se
u003Einfo@katex.hu
u003Eaccessoires.plus@yahoo.fr
u003Eelbosquerumbos@gmail.com
u003Einfo@spotboutik.com
u003Ebrian@bestsportholding.com
u003Ebirkenstock.ph@primergrp.com
info@shopandtrade.gr
wholesales@millock.com.hk
footfit@setarnet.aw
u003Enutmegltd@yahoo.com
info.birkenstock@maibir.pt
feedback@starthreesixty.com
u003Eorthofuss@cytanet.com.cy
info@footmarkslb.com
u003Ebjarma@misty.is
info@appareluae.com
info@naturallook.it
wgobel@zeop.re
mojca@cloudy.si
info@seedcorp.jp
u003Edavidknobloch@email.cz
omarjee@intner.mu
info@birkenstockstore.nl
info@katex.hu
u003Ebecopassadore@gmail.com
brian@bestsportholding.com
info@lanaform.com
nsumic@mail.inet.hr
u003Einfo@footmarkslb.com
u003Everkoop@hooijergroep.nl
u003Einfo@bastadgruppen.se
u003Einfo@simaltd.com
u003Emojca@cloudy.si
u003Ebenexy-info@benexy.com
contact@broad.dz
info@birkenstock.com.au
u003Ecaroline@alemaniashoes.com
orthofuss@cytanet.com.cy
u003Einfo@occo.ma
accessoires.plus@yahoo.fr
u003Einfo@birkenstock.ie
euroamegua@intelnet.net.gt
elbosquerumbos@gmail.com
Kimmen@onenet.an
joy@eodel.com
birkenstockbarbados@gmail.com
u003Einfo@birkenstock.com.tr
info@serum.ca
u003Einfo.birkenstock@maibir.pt
u003Einfo@serum.ca
info@simaltd.com
info@brandpool-east.com
info@resource-ft.com
u003Eeuropa7k@mail.ru
u003Efeedback@starthreesixty.com
u003Ejoy@eodel.com
phildohn@pt.lu
u003Einfo@resource-ft.com
rotterdam@birkenstockstore.nl
u003Eweb@birkenstockmexico.com
verkoop@hooijergroep.nl
u003Einfo@brandpool-east.com
caroline@alemaniashoes.com
u003Ekris.khoo@map.co.id
u003Ewelcome@birkenstock.com
u003Eproductions@birkenstock.com
u003Ecustomerservice.de@birkenstock.com
services@birkenstock.com
UKCustomerservices@birkenstock.com
welcome@birkenstock.com
u003EUKCustomerservices@birkenstock.com
customerservice.de@birkenstock.com
productions@birkenstock.com
u003Eservices@birkenstock.com
beautyconcierge@goop.com
jmadigan88@yahoo.com
guys@mancrates.com
u003Emediainquiries@1800flowers.com
mediainquiries@1800flowers.com
PrivacySupport@1800flowers.com
Accessibility@1800flowers.com
service@1800flowers.com
feedback@1800flowers.com
update@1800flowers.com
copyrightagent@1800flowers.com
remove@1800flowers.com
customercare@berries.com
customerservice@thepopcornfactory.com
**service@thepopcornfactory.com
service@thepopcornfactory.com
service@wolfermans.com
myorder@stockyards.com
somebody@email.address
htonline@hottopic.com
ngmintl@subscription.co.uk
ngsintl@customersvc.com
womenofworth@pointsoflight.org
nfreutel@example.com
danbubnis71@yahoo.com
emilycronkleton@gmail.com
kristeen.writes@gmail.com
8bc674d734914b3f8179f84e9edb0faa@sentry.io
gabriellekassel@gmail.com
15910310052@163.com
grays@tamu.edu
DISABLED-USER-tchoudhury@tamhsc.edu
mikerichard@themanual.com
sales@themanual.com
privacy@digitaltrends.com
bonnie@jibe.law
info@digitaltrends.com
text@example.com
marketing@greenhouse.io
privacy@greenhouse.io
nharrison@infobridge-solutions.com
kris@eberleinconsulting.com
webmaster@oasis-open.org
robander@us.ibm.com
info@xatapult.com
public-xml-processing-model-comments@w3.org
xproc-dev-request@w3.org
sales@altova.com
us-sales@altova.com
custserv.us@oup.com
idea4@2x.ce
user@example.com
info@scalefactory.com
ella.aldrsn@gmail.com
jessica.wildfire.writer@gmail.com
contrib@functx.com
pwalmsley@datypic.com
sales@infogridpacific.com
django-developers+subscribe@googlegroups.com
django-users+subscribe@googlegroups.com
lcc.contact@arts.ac.uk
studyabroad@arts.ac.uk
b.walter@lcc.arts.ac.uk
communications@lcc.arts.ac.uk
mobility@lcc.arts.ac.uk
Michael.Kuhn@snclavalin.com
Maureen.Nayowith@atkinsglobal.com
Mark.Maguire@atkinsglobal.com
pm.education@ucc.ie
tcc@ucc.ie
counselling@ucc.ie
library@ucc.ie
sundrypayments@ucc.ie
bereception@ucc.ie
expenses@ucc.ie
brookfieldlibrary@ucc.ie
accountspayablequeries@ucc.ie
invoice@ucc.ie
nursing.studies@ucc.ie
ace@ucc.ie
education@ucc.ie
HRQueries@ucc.ie
sreo@ucc.ie
mailman.1119.1590158878.3866.ctan-ann@ctan.org
mailman.1709.1312353761.2203.ctan-ann@dante.de
webmaster@ctan.org
mailman.4304.1307980800.2278.ctan-ann@dante.de
paypal@tug.org
tex-announce-owner@tug.org
tex-announce@tug.org
texhax@tug.org
support@tug.org
texhax-owner@tug.org
practex2018@tug.org
tug2021@tug.org
registration@xmlsummerschool.com
info@xmlsummerschool.com
uccresearch@ucc.ie
vplearningandteaching@ucc.ie
alumni@ucc.ie
iris@ucc.ie
president@whitehouse.com
amschoka@comcast.net
tim.mcgrath@documentengineeringservices.com
bosak@pinax.com
pelle@johnsson.se
bill@svetruck.se
eva@johnsson.se
lars@moderna.se
kenneth@alfa1lab.com
sven@moderna.se
erlend.klakegg.bergheim@difi.no
kbengtsson@efact.pe
ubl-comment@lists.oasis-open.org
copyright@iso.org
customerservice@iso.org
webmaster@iso.org
info@peppol.eu
tc-admin@oasis-open.org
oasis-board-comment@lists.oasis-open.org
member-services@oasis-open.org
nominations@oasis-open.org
oasis-member-discuss@lists.oasis-open.org
voting@lists.oasis-open.org
member-questions@oasis-open.org
hss@itst.dk
mailman.291.1622743037.2581.ctan-ann@ctan.org
mailman.288.1622733109.2581.ctan-ann@ctan.org
mailman.296.1622751936.2581.ctan-ann@ctan.org
mailman.295.1622751850.2581.ctan-ann@ctan.org
mailman.276.1622712179.2581.ctan-ann@ctan.org
102229277@umail.ucc.ie
info@krautzource.com
info@mathjax.org
info@mulberrytech.com
uche@ogbuji.net
kmcevoy@ebsco.com
kmcevoy@ebscohost.com
info@cwi.nl
Steven.Pemberton@cwi.nl
hello@evolvedbinary.com
info@existsolutions.com
support@existsolutions.com
info@xmlprague.cz
btusdin@mulberrytech.com
nisohq@niso.org
saxon-orders@saxonica.com
215756347@qq.com
gary@email.com
contact.us@alistapart.com
support@grammarly.com
privacy@grammarly.com
security@grammarly.com
admin@grammarly.com
v@r.yl
partners@grammarly.com
u002Fapeters@fastcompany.com
czara@fastcompany.com
u002Fldishman@fastcompany.com
signup@email.com
tips@mobilenations.com
oba@iab-austria.at
office@nss-bg.org
yoc@edaa.eu
david@youronlinechoices.com
palaute@iab.fi
trademark@linkedin.com
package-announce@lists.fedoraproject.org
saxon-help@lists.sourceforge.net
contributors@gitlab.com
prod-ssh-access@corp-gateway.interna
mail@example.org
ralsina@netmanagers.com.ar
copyright@opensource.org
webmaster@docs7.easyphpcalendar.com
webmaster@easyphpcalendar.com
cve-request@mitre.org
cve-assign@mitre.org
kde-ev-paypal@kde.org
kde-www@kde.org
mailman@kde.org
support@fused.com
email@kvack.org
dont@kvack.org
majordomo@kvack.org
parker@eff.org
info_2021@korelogic.com
careers_2021@korelogic.com
webmaster@hartwork.org
submit@emurasoft.com
name@example.com
soc@us-cert.gov
nvd@nist.gov
cve@mitre.org
psirt@nvidia.com
security@php.net
cve@checkpoint.com
product-cna@github.com
vuln@airbus.com
sep@nlnetlabs.nl
security@oppo.com
secure@intel.com
secalert@redhat.com
psirt@forcepoint.com
cve-request@iojs.org
cve-coordination@logitech.com
security@vmware.com
security@puppet.com
cve@navercorp.com
security@pega.com
security@360.cn
talos-cna@cisco.com
psirt@zte.com.cn
security@sierrawireless.com
security@otrs.com
cna@mongodb.com
secteam@freebsd.org
securityalerts@avaya.com
security@microfocus.com
product-security@apple.com
sirt@silver-peak.com
psirt@synaptics.com
psirt@duosecurity.com
security@marklogic.com
security-openeuler@openeuler.org
alibaba-cna@list.alibaba-inc.com
mobile.security@samsung.com
psirt@us.ibm.com
info@cybellum.com
psirt@autodesk.com
vulnerabilitylab@whitesourcesoftware.com
security@search-guard.com
jenkinsci-cert@googlegroups.com
productsecurity@jci.com
responsibledisclosure@mattermost.com
larry0@me.com
cna@cloudflare.com
cybersecurity@ch.abb.com
psirt@hcl.com
security@atlassian.com
cve@f-secure.com
security@joomla.org
security@replicated.com
psirt-info@cyber.jp.nec.com
cve-requests@bitdefender.com
psirt@amperecomputing.com
security_report@mcafee.com
psirt@amd.com
security-officer@isc.org
vulnerabilityreporting@secomea.com
security@pivotal.io
security@suse.de
info@cert.vde.com
ca.psirt@broadcom.com
security@ubuntu.com
disclosure@synopsys.com
cve@aliasrobotics.com
hsrc@hikvision.com
sirt@juniper.net
psirt@adobe.com
security@tcpdump.org
cert@cert.org
product-security@axis.com
security@mozilla.org
security@octopus.com
security@trendmicro.com
cve@cert.org.tw
security@debian.org
security@eclipse.org
help@fluidattacks.com
zdi-disclosures@trendmicro.com
cve@zscaler.com
security-alert@sophos.com
android-cna-team@google.com
psirt@paloaltonetworks.com
security@xiaomi.com
security@nortonlifelock.com
security@openvpn.net
f5sirt@f5.com
vuln@vdoo.com
productcert@siemens.com
prodsec@splunk.com
cna@sap.com
vuls@jpcert.or.jp
support@coalfire.com
psirt@cisco.com
disclosures@gallagher.com
cybersecurity@se.com
security@drupal.org
security@odoo.com
contact@wpscan.com
security@zoom.us
dl_cve@linecorp.com
psirt@esri.com
security@xen.org
psirt@lenovo.com
security@vaadin.com
prodsec@nozominetworks.com
product-security@qualcomm.com
vulnerabilities@zephyrproject.org
security@elastic.co
cve@rapid7.com
secalert_us@oracle.com
security@chromium.org
security@apache.org
psirt@bosch.com
cybersecurity@bd.com
psirt@sick.de
security@salesforce.com
symantec.psirt@broadcom.com
security@documentfoundation.org
cve@forums.swift.org
cybersecuritycoe@eaton.com
security-advisories@github.com
openssl-security@openssl.org
chrome-cve-admin@google.com
psirt@arista.com
psirt@gsmcnamara.com
security@vivo.com
security@huntr.dev
security@zabbix.com
disclose@cybersecurityworks.com
secure@dell.com
security@google.com
secure@ea.com
security@mautic.org
brocade.sirt@broadcom.com
support@hackerone.com
cve@gitlab.com
psirt@huawei.com
hp-security-alert@hp.com
security-alert@hpe.com
product.security@xyleminc.com
vulnreport@tenable.com
security@tibco.com
secure@blackberry.com
security@simplinx.com
report@snyk.io
secure@microsoft.com
security-alert@netapp.com
sec@hillstonenet.com
security@teradici.com
browser-security@yandex-team.ru
infosec@edk2.groups.io
security-report@netflix.com
security@synology.com
vulnerability@kaspersky.com
security@qnap.com
psirt@tigera.io
vuln@krcert.or.kr
security@deepsurface.com
cybersecurity@dahuatech.com
security@craftersoftware.com
security@kubernetes.io
licensing@fsf.org
web-translators@gnu.org
gnu@gnu.org
licensing@gnu.org
webmasters@gnu.org
markupdeclaration-service@lists.mulberrytech.com
MarkupDeclaration@lists.mulberrytech.com
markupdeclaration@lists.mulberrytech.com
xsl-list-service@lists.mulberrytech.com
xsl-list-digest@lists.mulberrytech.com
xsl-list@lists.mulberrytech.com
jats-list@lists.mulberrytech.com
jats-list-service@lists.mulberrytech.com
niso-sts-list-service@lists.mulberrytech.com
niso-sts-list@lists.mulberrytech.com
contact@docugami.com
media@docugami.com
info@docugami.com
krueger@mid-heidelberg.de
sales@oxygenxml.com
web@tei-c.org
infrastructuregroup@tei-c.org
cmsmcq@w3.org
support@diziana.com
harvey@eccnet.com
mailman@eccnet.com
your.address@email.com
ndw@nwalsh.com
yourfriends@medium.com
partnerprogram@medium.com
contact@bitovi.com
manjunath@redmonark.com
condolences@doi.org
contact@doi.org
ric@ricrec.com
waxtraxdenver@qwestoffice.net
sales@21centurymusic.com
bullseyerecordshop@gmail.com
matthewoland@gmail.com
requestshi@gmail.com
earcandymusic@live.com
starshiprecordz@yahoo.com
undergroundsoundsmi@gmail.com
spindlerecords@yahoo.com
sales@koolkatjazz.com
karma12@embarqmail.com
dynamorecords@hotmail.com
jpoe141@aol.com
lastrecordstore@sonic.net
recycledsounds@hotmail.com
encoremusic@austin.rr.com
granviaflamenca@gmail.com
pb.hawaii.1983@gmail.com
theflipsidekc@yahoo.com
dibeninc@aol.com
muse3@comcast.net
ernienovember@hotmail.com
goldminemagazine@aimmedia.com
mistaodyssey@aol.com
inyourear@fullchannel.net
everydaymusic@verizon.net
sgrshack@sbcglobal.net
budget72@hotmail.com
coltonhaight@yahoo.com
webmaster@vinyl-lover.com
vincehebert03@gmail.com
budgetrecords@gmail.com
GuyInTheGroove@aol.com
itmrecords@gmail.com
molesrecords@fuse.net
store@b-sidemadison.com
pete@thatse.com
armageddonshop@gmail.com
recconn@roadrunner.com
rob@millcitysound.com
omegamusicdayton@gmail.com
lostpadrerecords@gmail.com
chrisavino@gmail.com
angie@strictlydiscs.com
usoundsrecords@yahoo.com
inyourearrecords@aol.com
reverberationvinyl@gmail.com
Avalonrecords@hotmail.com
reed.iye@gmail.com
yesterdaysfish@outloook.com
fortherecords@cs.com
thelongear@frontier.com
rememberwynn@bellsouth.net
scratchnspin@aol.com
dc@raremusic.com
adam@csindy.com
Steveathey@prodigy.net
3dachshundsedmond@gmail.com
rushmor@rushmor.com
waxtraxinc@aol.com
jmthominet@gmail.com
excaliburvintageandvinyl@gmail.com
recordsurplus@gmail.com
timsheamusic@live.com
cape@pmacmusic.net
krisabt@swbell.net
kanesvillerecord@aol.com
mothersmn@gmail.com
onlyfactor@hotmail.com
kachunkrecords@gmail.com
info@soundstagedirect.com
symphonymusicvibes@gmail.com
jon@fatfin.com
info@millpondrb.ca
musicresearchlibrary@gmail.com
brian@vinylalibi.ca
exile@vtlink.net
vintagevinyl@kerrybeary.com
mammothmusic@wyoming.com
recordconnection@comcast.net
meccaworld@gmail.com
vinylrev@sbcglobal.net
amesvinylcafe@gmail.com
AKrueger@aimmedia.com
saiddone@hotmail.com
lizatthebiz@hotmail.com
2ndchancecds@vcn.com
backtrack@windstream.net
bigholemusic@hotmail.com
finest74@yahoo.com
kglassal@aol.com
dandisc@sbcglobal.net
doubledeckerrecords@gmail.com
thetimecapsule@mail.com
chris@chrisrazz.com
davidelliott87@gmail.com
info@groovygraveyard.com
what_cheer_records@yahoo.com
Soundsgreat@harbornet.com
n8rhodes@gmail.com
thomas01@earthlink.net
bjmusic1@hotmail.com
SlickDisc@hotmail.com
renaissancesouth@bellsouth.net
tracksinwax44@cox.net
rich@offtherecord.com
danimal@rrv.net
burnett-mike@sbcglobal.net
davidsonncmusic@hotmail.com
info@hungryear.com
brendanlboyle@gmail.com
vinylriver@aol.com
mcmxchange@gmail.com
are@arcd.com
bkstgrock@yahoo.com
flipside@flipmall.com
info@beatlabusa.com
yandtrec@aol.com
memorylanerecords@verizon.net
crane4533@aol.com
brianp@vcei.com
sales@thunderpussy.com
discology@sbcglobal.net
jazzmart@delmark.com
alanmaisano@hotmail.com
henrymusicplus@yahoo.com
albumhunter@comcast.net
charlemagnerecs@gmail.com
calicotunes@mail.com
discanddatct@gmail.com
dansdowntownrecords@comcast.net
taosound@taosnet.com
clocktowerlps@gmail.com
manager@earx-tacy.com
fourthstmusic@yahoo.com
davesrecd@aol.com
cdcenterpa@gmail.com
Books@wispwest.net
hotwax1200@aol.com
bubba1947@hotmail.com
info@atomicpopshop.com
vintagefmmusic@gmail.com
aka-music@hotmail.com
lillie.rea@gmail.com
info@darksiderecordsandgallery.com
planet@planet-records.com
ruarkalpha@sbcglobal.net
kcounce1106@yahoo.com
ewind316@gmail.com
plasticllc@yahoo.com
spunmusicllc@yahoo.com
Augustuspayne@gmail.com
info@lagniapperecords.com
albums2001@comcast.net
dan@e-profession.com
GoldmineMagazine@aimmedia.com
woneil@maine.rr.com
exiledrecords@gmail.com
popshop.monroe@gmail.com
store@aquariusrecords.org
r.records@att.net
cactusrecords@yahoo.com
spiralscratchrecords@yahoo.com
tickettoride@alltel.net
earwaxxrecords@att.net
lizz@drasticplasticrecords.com
fantasyland41@hotmail.com
s.sonicrainbow@bresnan.net
heydustypixels@gmail.com
oldtownrecords@yahoo.com
sales@rock-n-rollheaven.com
chpthrlls@earthlink.net
deadwax@sbcglobal.net
rickz@indycdandvinyl.com
pfork3@aol.com
With_A_Tail@hotmail.com
vinylvillela@gmail.com
purepop@myfairpoint.net
waxnfacts@gmail.com
Eggmanrulzzz@aol.com
info@streetlightrecords.com
info@zoinks.ca
greeneggsandjam@gmail.com
bullcityrocks@gmail.com
explodingplanetrecords@gmail.com
sales@rockaway.com
academyannex@verizon.net
upauat@msn.com
shefte@everydaymusic.com
zahosale@uwm.edu
guestroomrecords@gmail.com
bluejaywayrecs@yahoo.com
dcheckeredrecor@neo.rr.com
designatedagent@cbs.com
hello@thetakeout.com
sendtoavceditors@theonion.com
concierge@rollingstonecouncil.com
tips@rollingstone.com
charts@rollingstone.com
footage@cbsnews.com
Sundays@cbsnews.com
d45d5bc466d3426fb40901a28e726e90@o45413.ingest.sentry.io
5b0774781d7143a3aec1f6b04419baeb@o45413.ingest.sentry.io
theafdshow@gmail.com
thealdgroup@gmail.com
7Cjoan.solsman@cnet.com
4335275da10c4dc2b1ed31e6c4131020@o32060.ingest.sentry.io
mvick@redventures.com
alexander.zalben+tvg@cbsinteractive.com
kaitlin.thomas@cbsinteractive.com
mefremont@gmail.com
kconnolly@redventures.com
glenn.gaslin+tvg@cbsinteractive.com
lindsay.macdonald@cbsinteractive.com
tim.surette@tvguide.com
krutika.mallikarjuna@cbsinteractive.com
apicurro@redventures.com
keisha.hatchett@cbsinteractive.com
ndumiso.mafu@cbsinteractive.com
aliza.sessler@cbsinteractive.com
aaron.segura@cbsinteractive.com
nclark@redventures.com
gamespotpartnerships@redventures.com
sdmurphy@cbs.com
cnet@theygsgroup.com
john.doe@gmail.com
emailprivacy@generitech.com
emaildatenschutz@generitech.de
e-mailprivacy@voorenbeeld.nl
emailprivacy@generitech.fr
editor@comicbook.com
support@comicbook.com
advertising@comicbook.com
press@comicbook.com
editor@popculture.com
tori.powell@cbsinteractive.com
partners@flipboard.com
account-verification@flipboard.com
CTNCCcomplaints@cbs.com
IPCCcomplaints@cbs.com
anthony.marciano@cbs.com
lewis.scrafton@w00t.complex.com
ianservantes@gmail.com
pigeonsandplanes@gmail.com
azorgel@gmail.com
anthony.asencio@complex.com
no-access@somewhere.else.again
solearius@gmail.com
jasmine.montgomery@gmail.com
dcsibor@gmail.com
samueltlockhart@gmail.com
beatlikeyoustolesomething@gmail.com
legal@complex.com
support@firstwefeast.com
isbn-san@bowker.com
copyright@digitaltrends.com
memberships@digitaltrends.com
legal@digitaltrends.com
risa.kerslake@gmail.com
scientificadvisoryboard@psychcentral.com
dreamhaven21@gmail.com
giawrites@gmail.com
wordsbychantelle@gmail.com
cward@healthline.com
stevenrowe.ny@gmail.com
leah.campbell@hotmail.com
questions@themuse.com
melissa.kennedy@uwa.edu.au
no-reply@cambridge.org
support@help.myway.com
privacy@comscore.com
dsr@comscore.com
dpo@mailchimp.com
personaldatarequests@mailchimp.com
privacy@mailchimp.com
license-review-subscribe@opensource.org
members@lists.opensource.org
license-discuss@lists.opensource.org
license-review@lists.opensource.org
pamela.chestek@opensource.org
chris.lamb@opensource.org
infrastructure@apache.org
webmaster@opensource.org
compliance@sfconservancy.org
csmith@opensource.org
bryant.deb@gmail.com
jpotvin@opman.ca
kevin+osi@tldrlegal.com
allison@opensource.org
masson@opensource.org
peter@silmaril.ie
adamh@densi.com
inbox+saxonica+f38e+saxon-js@plan.io
info@le-tex.de
cvs@mercatorit.com
info@mercatorit.com
sales@exeterpremedia.com
hello@whova.com
reservations@imperial.ac.uk
karin.bredenberg@riksarkivet.se
j.kaminski@brighton.ac.uk
cas-info@antenna.co.jp
369c830fbf534485a068ab919d71b80d@sentry.io
vdv@dyomedea.com
jjc@thaiopensource.com
rumble-users@googlegroups.com
hello@pixelarity.com
plugins-admin@jetbrains.com
getinfousa@webagesolutions.com
windauer@users.sourceforge.net
joernt@users.sourceforge.net
info@orbeon.com
donnaguinta@fourthought.com
info@centigrade.bogus
info@commerce.net
sally@example.com
donotsell@oreilly.com
steve@sk2.org
heirecka@exherbo.org
amir73il@gmail.com
git@frundle.com
fuse-devel@lists.sourceforge.net
witme-ferris@lists.sourceforge.net
opensearch@amazon.com
saad.jaan@cbs.com
ETTipLine@cbs.com
editorial@metacritic.com
support@internetvideoarchive.com
licensing@metacritic.com
bdandrid@gmail.com
sevdaliza@sevdaliza.com
modestvolume@gmail.com
clayton@ferrarijetpack.com
saba@saba.com
tajahware@gmail.com
alex.x.siber@gmail.com
gaffney.greg@gmail.com
grant.rindner@gmail.com
nicojtripodi@gmail.com
kristinmichaelrobinson@gmail.com
seamusmfay@gmail.com
jacobblieug@gmail.com
tiffany.wines@complex.com
michelle_kim@condenast.com
samiswine@gmail.com
matt@aiello-artists.com
trappmalcolm@gmail.com
ericjisom@gmail.com
dmasai12@gmail.com
ct@gmail.com
therwees@gmail.com
brandoncaldwell2@gmail.com
pr@tiktok.com
reports@tiktok.com
june.wang@complex.com
bottineau@gmail.com
jennifer.foden@corusent.com
dragana.kovacevic@corusent.com
makeway@makeway.com
idocto@complex.com
erikleijon@gmail.com
kass@icecreamsocial.com
aaron.b1@hotmail.co.uk
nathan@sing.com
sach.pro@outlook.com
minou.itseli@gmail.com
sanj@gmail.com
yemia15@hotmail.co.uk
boss@complexnetworks.com
advertising@complex.com
pr@complex.com
u003Einfo@complex.com
u003Elegal@complex.com
u003Ejobs@complex.com
jobs@complex.com
brendanf@complex.com
shannonm@complex.com
elena.bergeron@complex.com
craije01@gmail.com
amartin520@gmail.com
daniel.isenberg.ip@gmail.com
will.gottsegen@gmail.com
cheryseinfeld@gmail.com
mbraboy17@hotmail.com
dayna.haffenden@complex.com
yoh3191@gmail.com
austin.williams@complex.com
ckingsbury@growthengine.ca
jlmorris329@gmail.com
chrismench@gmail.com
corbinreiff@gmail.com
jbalfour3@gmail.com
noel@ica.coop
kumar@ica.coop
teodora@ica.coop
research@ica.coop
hepsiba@infonie.fr
raju@pioneerlightingsolutions.com
vertex2100@yahoo.com
freakanddorkin1@yahoo.com
brbb2@msn.com
hnsmgaguy28@aol.com
mayiyo1@hotmail.com
sayeron@yahoo.com
emodelseattle@yahoo.com
emodelseattle@hotmail.com
bubber62@hotmail.com
sarah.frostenson@abc.com
geoffrey.skelley@abc.com
Alex.L.Samuels@disney.com
lat.jennings@gmail.com
rgiansanti@ranker.com
aberamusic@gmail.com
celebrity-lists@ranker.com
grayson-titan-ia@ranker.com
lon3@ranker.com
greg@ranker.com
youtuber@ranker.com
voteable@ranker.com
joestarr-ia@ranker.com
molly-gander@ranker.com
elambert-ia@ranker.com
rankerstreaming@ranker.com
ariel-kana@ranker.com
djangip@gmail.com
twins-ia@ranker.com
calistylie-ia@ranker.com
brian@ranker.com
lrapp-ia@ranker.com
rankercelebs@ranker.com
mccannimation@gmail.com
chezgibbons@hotmail.com
mjacobs@ranker.com
sandmountain@mac.com
abarstow@ranker.com
chabes5327@gmail.com
Josh_Plainse_LB970@ranker.com
best-of-snl@ranker.com
Jessica_Bedewi_LB905@ranker.com
lmeyers@ranker.com
rankerhorror@ranker.com
Orrin_Grey_LB780@ranker.com
rpasquarella-ia@ranker.com
ahevener-ia@ranker.com
Stefanie_Hammond_LB603@ranker.com
emaxwell-ia@ranker.com
jsmith-ia@ranker.com
mrennie@ranker.com
jude@ranker.com
Jack_Morgan_LB998@ranker.com
zach.seemayer@gmail.com
gcameron@ranker.com
brentjsprecher-ia@ranker.com
jonathanhkantor@gmail.com
akashley12@gmail.com
Ezra_Hendren_LB1005@ranker.com
samantha-dillinger@ranker.com
shortallrebecca@gmail.com
fotrill@gmail.com
Suzanne_Jennett_LB632@ranker.com
ereidross@verizon.net
zhowe@uwalumni.com
lonnie.harris-ia@gmail.com
reference@ranker.com
rockboy@ranker.com
ganttkareem@gmail.com
whatevayoulike@ranker.com
rankerhiphop@ranker.com
chris@ranker.com
jovaughnbrown@gmail.com
mnati@mac.com
jmiller-ia@ranker.com
seankellywrites26@gmail.com
dsaylor-ia@ranker.com
etalkin-ia@ranker.com
bbrown@ranker.com
mloveland-ia@ranker.com
Megan_Summers_LB895@ranker.com
igonzalez-ia@ranker.com
rankerofthrones@ranker.com
ron-mexico@ranker.com
Tyler_Mitchell_LB867@ranker.com
rankercomics@ranker.com
dot-commander@ranker.com
jzambuto@alinestaffing.com
careers@ceccapitalus.com
form@sipc.org
asksipc@sipc.org
webmaster@yourmorals.org
support@sothink.com
b1454bb8a6cf42f5b125f8d7da2f3b00@error-reporting.avangate.com
support@2checkout.com
info@2checkout.com
dpo@2checkout.com
marketing@sothink.com
contact@theguerrilla.agency
tjdongyang@sohu.com
go-fmglobalalumni@kpmg.com
ahqingdao@aandhasia.net
sales@aandheurope.com
info@aandhworldwide.com
zamira@allari.com
info@allari.com
xxx@xxx.xxx
870x358_blogtile_opt1@2x.tmb
info@comelectrical.com
CostcoNews@online.costco.com
John@example.com
dialog@daimler.com
