email
noreply@curlie.org
support@startpage.com
info@citygatenetwork.org
admins@curlie.org
info@bayarearescue.org
wixofday@wix.com
14370afcdc17429f9e418d5ffbd0334a@sentry.wixpress.com
info@glasgowcitymission.com
info@jimmiehalemission.com
info@kzoogospel.org
Yvette@lexingtonrescue.org
info@lexingtonrescue.org
914c855012aa442c81be3d2300eb13d2@sentry.wixpress.com
f1ffc0b5efe04e9eb9762cd808722520@sentry.wixpress.com
0ad673bcd05c455f9a04042b2c0cc88d@sentry.wixpress.com
46ad76cef1c840139844ab4624c33fe2@sentry.wixpress.com
8c4075d5481d476e945486754f783364@sentry.io
80f08270000145e1be987a32c9bc72da@sentry.wixpress.com
jerseykev@aol.com
pastorkevinbrown@aol.com
info@muskegonmission.org
info@opendoorhouston.org
info@saltlakecitymission.org
username@example.com
example@website.com
thriftstoredispatch@ugmportland.org
info@ugmportland.org
carlp@ugmportland.org
info@missionba.com
shughes@citygatenetwork.org
rloggins@citygatenetwork.org
jlabarbera@citygatenetwork.org
sedwards@citygatenetwork.org
lmiller@citygatenetwork.org
alyz@citygatenetwork.org
kpeterson@citygatenetwork.org
deskes@citygatenetwork.org
lwright@citygatenetwork.org
dtreadwell@citygatenetwork.org
mharrell@citygatenetwork.org
jashmen@citygatenetwork.org
tzobel@citygatenetwork.org
agifford@citygatenetwork.org
krector@citygatenetwork.org
rpjohnknox@yaho.com
kyowva@sbcglobal.net
info@eauk.org
20info@eauk.org
membership@eauk.org
office@bmja.net
savamcmahon@hotmail.com
info@orthodoxfellowship.org
curtis.may@gci.org
anthonybuzzard@mindspring.com
contact@spck.org.uk
email@email.com
yourname@email.com
info@foodrelief.org
clwr@clwr.org
info@allwecan.org.uk
info@umcmission.org
privacy@worldvision.or.th
info@worldvision.or.th
info@armsoflove.org
admin@bgchm.org
mobilepantry@gmail.com
movies@movieinsider.com
film-loft@classicmoviecorner.com
webtechdesigngroup@gmail.com
contest@classicmoviecorner.com
trijet@he.net
Macguffin39@hotmail.com
awards@videoawards.com
listserv@listserv.heanet.ie
access-subscribe-request@listserv.heanet.ie
joeclark@joeclark.org
access@listserv.heanet.ie
access-request@listserv.heanet.ie
advisors@online.berklee.edu
transfer@online.berklee.edu
transfercredits@berklee.edu
graduation@online.berklee.edu
popmusicanthology@gmail.com
xml@textuality.com
sebastian@pipping.org
info@tpd.com
u003eprivacy@godaddy.com
u003eprivacy@afternic.com
info@1stopresume.com
inspection@eiipro.com
ListingManager@nyse.com
enquiries@wearepay.uk
cpmi@bis.org
support@amanita.at
uchit86@gmail.com
support@startmail.com
support-alt@startmail.com
privacypolicy@startmail.com
legal@startmail.com
user@startmail.com
spam@startmail.com
abuse@startmail.com
administrator@startmail.com
press@startmail.com
info@alliancetoendhunger.org
institute@bread.org
bread@bread.org
mail@graceinside.org
skory@cam-sa.org
cbm@cbm.org.au
nfo@christianrelief.org
cws@cws.org.nz
info@cwsglobal.org
crwarehousevictoria@gmail.com
eaa@ziplip.com
info@ecsphilly.org
forhaiti@aol.com
info@foce.org
info@unto.com
erin@globalsamaritans.org
name@email.com
office@karunaaction.org
mwb-us@mwbi.org
lselvey@mwbi.org
info@mwbi.org
info@mwbuk.org
office@delhihouse.org
mail@scccc.co.uk
upicweb@gmail.com
linda@vcum.org
info@worldhope.ca
info@worldhope.org
mainoffice@wme.org
connect@tearfund.ca
info@worldrenew.net
angiec@bayarearescue.org
volunteer@brm.org
mway@brm.org
info@brm.org
dchambers@missiondc.org
Donations@missiondc.org
tduncan@missiondc.org
SCox@missiondc.org
CCook-Posley@missiondc.org
rstanley@missiondc.org
mtate@missiondc.org
sjohnson@missiondc.org
give@missiondc.org
cjones@missiondc.org
info@cityunionmission.org
dennis.chapman@cityunionmission.org
programsandservices@cityunionmission.org
jcranford@cornerstonemission.org
jcastleberry@cornerstonemission.org
dberg@cornerstonemission.org
hello@anomalycreations.com
jack@glasgowcitymission.com
pray@glasgowcitymission.com
administrator@starterpacks.org.uk
Helen@glasgowcitymission.com
traci@govancommunityproject.org.uk
adam@glasgowcitymission.com
admin@preshaltrust.org.uk
youremail@gmail.com
info@hcmwv.org
info@huntingtoncitymission.org
program.intake@usda.gov
cooper73@marshall.edu
jdowell@hcmwv.org
cels@hcmwv.org
toneisha@jimmiehalemission.com
vanessa@jimmiehalemission.com
info@royalpines.org
20info@jessiesplace.com
info@jessiesplace.com
mike@royalpines.org
mike@royalpines.com
20csykes@jimmiehalemission.com
george@jimmiehalemission.com
charles@jimmiehalemission.com
20charles@jimmiehalemission.com
vines@jimmiehalemission.com
csykes@jimmiehalemission.com
sharon@jimmiehalemission.com
latonya@jessiesplace.com
ryan@jimmiehalemission.com
mark@jimmiehalemission.com
michael@jimmiehalemission.com
micahel@jimmiehalemission.com
clangley@kzoogospel.org
lrusscher@kzoogospel.org
kenny@deaconsconference.org
lshields@kzoogospel.org
wbest@kzoogospel.org
mkoenig@kzoogospel.org
sshelton@kzoogospel.org
rniesen@kzoogospel.org
mcook@kzoogospel.org
jsimpson@kzoogospel.org
thaas@kzoogospel.org
tclubb@kzoogospel.org
dholtz@kzoogospel.org
smccullough@kzoogospel.org
blumetta@kzoogospel.org
mbrown@kzoogospel.org
kgardner@kzoogospel.org
mfurrow@kzoogospel.org
egibson@kzoogospel.org
jcrosswhite@kzoogospel.org
kgalvin@kzoogospel.org
kim@lexingtonrescue.org
thomas@lexingtonrescue.org
laura@lexingtonrescue.org
brandon@lexingtonrescue.org
helen@lexingtonrescue.org
erica@lexingtonrescue.org
donna@lexingtonrescue.org
tammy@lexingtonrescue.org
john@lexingtonrescue.org
jennifer@lexingtonrescue.org
renee@lexingtonrescue.org
lee@lexingtonrescue.org
tim@lexingtonrescue.org
yvette@lexingtonrescue.org
julius@lexingtonrescue.org
christen@lexingtonrescue.org
veronica@lexingtonrescue.org
ansley@lexingtonrescue.org
outreach@lighthousemission.com
youth@lighthousemission.com
MissionKids@lighthousemission.com
missionkids@lighthousemission.com
blogjerseykev@aol.com.biz
noreply@blogger.com
mboughner@muskegonmission.org
djoyce@muskegonmission.org
brichards@muskegonmission.org
kburns@opendoorhouston.org
tthompson@opendoorhouston.org
sfreeman@opendoorhouston.org
fsmith@opendoorhouston.org
sburleigh@opendoorhouston.org
aguidry@opendoorhouston.org
cartmore@opendoorhouston.org
awright@opendoorhouston.org
hwhite@opendoorhouston.org
dpark@opendoorhouston.org
hwright@opendoorhouston.org
chernandez@opendoorhouston.org
swashington@opendoorhouston.org
wjenkins@opendoorhouston.org
jjones@opendoorhouston.org
bwhite@opendoorhouston.org
eherring@opendoorhouston.org
lflores@opendoorhouston.org
rhernandez@opendoorhouston.org
dlowe@opendoorhouston.org
nancy.palmer@rescuemission.org
donorcare@phoenixrescuemission.org
gikhelp@phxmission.org
marketing@phoenixrescuemission.org
dvaughns@rescuesaltlake.org
eileen@rescuesaltlake.org
dvaughns@rescusaltlake.org
chris@rescuesaltlake.org
don@rescuesaltlake.org
cyndi@rescuesaltlake.org
dennis@rescuesaltlake.org
jvazquez@saltlakecitymission.org
tmolloy@sbrm.org
Info@springsrescuemission.org
nicolev@springsrescuemission.org
info@springsrescuemission.org
bob@grmtucson.com
volunteers@grmtucson.com
info@ugmdallas.org
johnnio@ugmportland.org
bernadetteg@ugmportland.org
terry@wefeedpeople.com
lstockton@urm.org
droleder@urm.org
cnichols@urm.org
matchinggifts@urm.org
nmcKiernan@urm.org
volunteer@urm.org
swatts@missionba.com
janderson@missionba.com
elafontant@missionba.com
rhhr@missionba.com
kwhitehead@missionba.com
mlamberti@missionba.com
servicealenfance@missionba.com
empcv@missionba.com
references@missionba.com
info@newliferus.ru
weasermc@aol.com
thelimbicregion-subscribe@yahoogroups.com
thelimbicregion-suscribe@yahoogroups.com
sos@sosprograms.com
bill.stein@comcast.net
rabble-rouser@protest.net
bd@uq.net.au
bd@bigpond.net.au
holeton@stanford.edu
email@example.com
inquiries@citizenlab.ca
webmaster@gandhitoday.org
info@trainingforchange.org
a.ivanova9770@gmail.com
press.europe@change.org
info@ullapallin.se
customerservice@alwaysinstyle.com
mutting@gmail.com
zhangling0026@126.com
suchitaohri@gmail.com
info@expertanswers.co.uk
katpetal@hotmail.com
askskippy@niftyness.com
thebigbrain@gmail.com
info@dearmrsweb.com
nfo@dearmrsweb.com
daily@dearmrsweb.com
tech@dearmrsweb.com
advice@dearmrsweb.com
kroeec@msn.com
karmelotties@lycos.com
karmel@lycos.com
stalkinguk@yahoo.com
jermartin@hotmail.com
giving@amazingfacts.org
orders@amazingfacts.org
info@backtothebible.org
webmaster@cursillos.ca
omcc.charism@gmail.com
jesusmariaclemente@gmail.com
joannayim@cursillo.or.ki
franklourdes@gmail.com
omcc.secretary@gmail.com
padresenra@gmail.com
omcc.treasurer@gmail.com
contact@omcc.com
manuelmariahinojosa@telefonica.net
angelyvan@gmail.com
idalia.lopez@gmail.com
omcc.vicepresident@gmail.com
fvcs@gmail.com
GECC.austria@gmx.at
maquiypaco@gmail.com
marilolinegrillo@gmail.com
omcc.org@gmail.com
amm@uco.es
ennioti@yahoo.com
renevigneau@videotron.ca
bertrandjodoin17@gmail.com
leonaveilleux@gmail.com
cursillotresorerie@gmail.com
gigiluneau@outlook.fr
v.dube@sympatico.ca
stpica@nbnet.nb.ca
ronald.perronsj@gmail.com
helene.boudreau8@gmail.com
thoedna@hotmail.com
raymond638@outlook.fr
rmorrier@hotmail.com
nliettel@hotmail.com
cursillostjeanlongueuil@hotmail.com
fraterni@nb.sympatico.ca
jlacouture@videotron.ca
elegault@cofrd.org
di456gu@globetrotter.net
5353dubois@gmail.com
mircad2@gmail.com
gilles.vernier@sympatico.ca
morindan@axion.ca
nibas008@hotmail.com
ppaquet@ccapcable.com
drgagneca08@gmail.com
sissy484848@yahoo.ca
mamyro@axion.ca
letournc@videotron.ca
marc_angers@yahoo.com
manonstpierre52@gmail.com
Rachou1945@outlook.fr
monicmcnic@outlook.com
lavonico88@hotmail.com
coteserge3897@hotmail.com
nturgeon5@hotmail.com
truchon595@hotmail.com
animike2@hotmail.com
cursillocgallager@gmail.com
jclegault48@yahoo.ca
lvallee317@gmail.com
ernestd@eudistes.org
denislemieux@sympatico.ca
gillesbaril1@hotmail.com
micheltisi@hotmail.com
jcdumas64@gmail.com
clauderitchie@hotmail.com
luc1.couture@sympatico.ca
marc.piche@sympatico.ca
dore.mainville@sympatico.ca
flafreniere23@cgocable.ca
bourassayves@hotmail.com
bougiegilles@gmail.com
pellerin.n_et_m@videotron.ca
claudediacre@gmail.com
loloetmich@globetrotter.net
pierrettelemieux@sympatico.ca
cure@croixglorieuse.ca
desjos30@hotmail.com
ricestationcc@gmail.com
davidcurtismartin@gmail.com
virgilobanion@gmail.com
dlh4christ@gmail.com
pgtc4@verizon.net
lists@oldpaths.net
minifarms@aol.com
mail@2jesus.org
office@emw.org.uk
swyddfa@mudiad-efengylaidd.org
office@messianicassociation.org
JackNAriel@gmail.com
BethAmEchad1@juno.com
zion.8491@gmail.com
beitshalom@uwclub.net
BibleStudyProject@hawaiiantel.net
beit.shalom@ntlworld.com
photophil@olypen.com
jeremypoyner@gmail.com
info@chosenpeople.org.uk
lynda.mclean@btinternet.com
beithagefen@blueyonder.co.uk
adam.family@blueyonder.co.uk
patrice28@hotmail.co.uk
laurence@beityeshua.org.uk
treeoflife1170@hotmail.co.uk
beityeshua.harrow@gmail.com
info@chosenpeople.com
missions@ocmc.org
fmg@frederica.com
cdamaskos@orthodoxspeakers.com
archdiocese@goarch.org
mekotsonis@gmail.com
kochanbasil@sbcglobal.net
mickeybowan@mindspring.com
FOCASecretary@gmail.com
frnick65@gmail.com
mjkovach@aol.com
michaelsteffar@comcast.net
FOCACommunications@gmail.com
Rebecca.M.Kozak@gmail.com
focasecretary@gmail.com
info@orthodoxws.com
name@yourparish.org
memberservices@pensions.org
MemberServices@pensions.org
staff@dmoz.org
DMOZ.staff@teamaol.com
mail@peacemaker.net
jeff@clearview-church.org
steward@peacemakers.net
william@wfields.com
info@banneroftruth.org
answers@peacemakers.net
bill@peacemakers.net
cpa@sussex.pnn.police.uk
office@cpauk.net
essex@cpauk.net
info@cpauk.net
glenna@joyranch.org
director@joyranch.org
bookkeeper@joyranch.org
communitymgr@joyranch.org
programassst@joyranch.org
leebrick@joyranch.org
volunteer@joyranch.org
ilcoord@joyranch.org
relief@joyranch.org
programdir@joyranch.org
media@joyranch.org
exodus@joyranch.org
relief2@joyranch.org
facilities@joyranch.org
programasst@joyranch.org
volunteercoordinator@joyranch.org
info@jubilee-centre.org
c.new@jubilee-centre.org
m.mcguire@jubilee-centre.org
j.tame@jubilee-centre.org
australia@labri.org
soundthinking@marshillaudio.org
support@marshillaudio.org
john@for.org.uk
inspire@opendoorsuk.org
info@progressivechristianity.org
contact@progressivechristianity.org
srhbuzz@hotmail.com
ivp@ivpbooks.com
spck@spck.org.uk
partnerships@spck.org.uk
mss@lib.cam.ac.uk
library@lib.cam.ac.uk
fundraising@spck.org.uk
pquantrill@spck.org.uk
donorservices@afsc.org
lakshmymani@gmail.com
bvashram@gmail.com
cafod@cafod.org.uk
lstorr@cafod.org.uk
schools@cafod.org.uk
volunteering@cafod.org.uk
youth@cafod.org.uk
stories@cafod.org.uk
campaign@cafod.org.uk
webfeedback@cafod.org.uk
applications@cafod.org.uk
ehobbs@cafod.org.uk
tceasar@cafod.org.uk
nanto-awuakye@cafod.org.uk
pmp@pmp.co.il
mconstantin@cnewa.org
pmp@go.com.jo
cnewa@ethionet.et
communications@cnewa.org
donorservices@cnewa.org
editorial@cnewa.org
info@cnewa.org
info@crs.org
donations@clwr.org
carla@clwr.org
senait@clwr.org
jardon@clwr.org
lgrant@lwr.org
jobs@allwecan.org.uk
awcsafeguarding@allwecan.org.uk
mv@umcmission.org
sbrum@umcmission.org
covenant@umcmission.org
grant.effer@armeedusalut.fr
IHQ-Communications@salvationarmy.org
IHQ-Admin@salvationarmy.org
Resa.Berry@use.salvationarmy.org
Kathryn.Higgins@use.salvationarmy.org
Erin.Morgan@use.salvationarmy.org
erin.morgan@use.salvationarmy.org
kathryn.higgins@use.salvationarmy.org
Sandra.Jackson@use.salvationarmy.org
use.trade@use.salvationarmy.org
heidi_isaza@wvi.org
jon_snyder@wvi.org
kshawco@gmail.com
thebeacon@wvi.org
philanthropy@worldvision.com.au
church@worldvision.com.au
volunteer@armsoflove.org
teams@armsoflove.org
help@networkforgood.com
info@bgchm.org
uk@fh.org
info@fhsuisse.org
danrogers@cherrystreetmission.org
jtaylor@faithcity.org
chad@salinarescuemission.com
rduerk@miraclehill.org
email@agrm.org
kim@opendoor-ny.org
director@winrescue.org
sherrypitney@rockfordrescuemission.org
Mike.johnson@yugm.org
smw@john316mission.org
bbmorrow@citamission.org
andrew@tcugm.org
rob.swiers@fargonlc.org
keving@cityrescuemission.org
steve@faithmissionwf.org
mporter.rescue@gmail.com
hsmith@lamission.net
cmorgan@ugmtc.org
rprobst@lbrm.org
denny@urmwichita.org
michael@myccrm.org
streetfeet@aol.com
pdura@scottmission.com
tracy.gorman@ermstaff.org
sandi@morningstarmission.org
jgilman@srmission.org
membership@citygatenetwork.org
shayle@agrm.org
sedwards@agrm.org
copyright@citygatenetwork.org
scott@reliefbed.com
knleopard@miraclehill.org
info@abuserecovery.org
jashmen@agrm.org
blewis@agrm.org
blewis@citygatenet.org
bmollard@ugm.ca
WebTechDesignGroup@gmail.com
tcmcfilm@gmail.com
support@webtechdg.com
terry@webtechdg.com
helpdesk@christianlink.com
christianwebdesign@gmail.com
indy@christianindy.com
mcn@smartbrief.com
info@1cubed.com
info@courtreportingathome.com
theBRML-request@listserv.heanet.ie
webstandards-request@listserv.heanet.ie
screenfont-request@listserv.heanet.ie
content-request@listserv.heanet.ie
vsxe-request@listserv.heanet.ie
lgb-sports-request@listserv.heanet.ie
icebike-request@listserv.heanet.ie
20advisors@online.berklee.edu
memberservices@aria.com.au
isrc@aria.com.au
business.affairs@aria.com.au
charts.mail@aria.com.au
privacy.mail@aria.com.au
aria.mail@aria.com.au
media@aria.com.au
awards@aria.com.au
api-services-support@amazon.com
tim.ludwig@jorsek.com
erik@xatapult.nl
pflynn@ucc.ie
webmaster@lists.opensource.org
webguy@marc.info
info@balisage.net
support@247sports.com
example@email.com
beaverfusion@gmail.com
digital@complex.com
sumiko@complex.ca
lariza.quintero@complex.com
josie.mok@gmail.com
gus.turner@complex.com
christopher.walsh@complex.com
mr.alexander.nino@gmail.com
stephanie.musat@complex.com
meganebreo@gmail.com
lucas.wisenthal@complex.com
calummarsh@gmail.com
eugeneg@complex.com
alex.narvaez@corusent.com
zach.dionne-freelancer@complex.com
sydneymbrasil@gmail.com
brian.capitao@gmail.com
edwin.ortiz@complex.com
stephenwitt@gmail.com
rosss@complex.com
ashleys@complex.com
coleman@lietco.com
submit@markupuk.org
info@markupuk.org
ica@ica.coop
info@avenircareerconsulting.com
covid19support@tpd.com
createmyresume@1stopresume.com
suzannasolomon@gmail.com
clc@resumeservice.net
resume@resumeservice.net
j.elliot@email.com
jpauker@abhi.com
kauaimanagement@abhi.com
konamanagement@abhi.com
kailuamanagement@abhi.com
mauimanagement@abhi.com
propertymanagement@abhi.com
investorrelations@abhi.com
anakamura@abhi.com
sohara@sidoti.com
alexander.goldfarb@psc.com
sheila.mcgrath@evercoreisi.com
dwheat@barshop-oles.com
pwheat@barshop-oles.com
jpatman@ctot.com
llehman@ctot.com
dneill@ctot.com
bmahlmann@ctot.com
dkimball@ctot.com
slasseter@ctot.com
anewton@ctot.com
dsawyer@capitaltitlencs.com
mlucido@ctot.com
ashaddock@ctot.com
shill@ctot.com
wmiller@ctot.com
mmaus@ctot.com
mboard@ctot.com
skleam@ctot.com
amayo@ctot.com
mrundell@ctot.com
phord@ctot.com
mhsmith@ctot.com
ssargent@ctot.com
mfleming@ctot.com
jcloud@ctot.com
lunderwood@ctot.com
ashindler@ctot.com
edahlberg@capitaltitlencs.com
jproctor@ctot.com
kthomas@ctot.com
rdale@ctot.com
bblanshard@ctot.com
kanderson@ctot.com
rlinscomb@capitaltitlencs.com
rblanshard@ctot.com
staylor@ctot.com
swilson@ctot.com
tralph@ctot.com
dtalley@ctot.com
bvaughn@ctot.com
jsin@ctot.com
mchatham@ctot.com
slee@ctot.com
bneudorfer@ctot.com
brosen@ctot.com
amartin@ctot.com
brollings@ctot.com
mcomeaux@ctot.com
dperry@ctot.com
vcondrey@ctot.com
beau.davis@ctot.com
tholmes@ctot.com
vika@ctot.com
jmccormick@ctot.com
lmurphy@capitaltitlencs.com
cshaddock@ctot.com
mabbs@ctot.com
jrossi@ctot.com
ntouchstone@ctot.com
mjohn@capitaltitlencs.com
bficke@ctot.com
gfunk@ctot.com
sconkey@ctot.com
bwheeler@ctot.com
rvioli@novainsurnacepartners.com
dmoncavage@elitemga.com
lvu@elitemga.com
denis@icmtpa.com
lisa@novainsurancepartners.com
bgarrison@elitemga.com
nbarnes@elitemga.com
furmson@elitemga.com
becca@novainsurancepartners.com
demi@icmtpa.com
judy@novainsurancepartners.com
vdangelo@elitemga.com
mlang@elitemga.com
mholland@novainsurancepartners.com
jharkins@novainsurancepartners.com
namico@novainsurnacepartners.com
jdenneler@icmtpa.com
jcforster@novainsurancepartners.com
sschnabel@elitemga.com
criley@novainsurancepartners.com
personallines@novainsurancepartners.com
cwhitney@novainsurancepartners.com
cdcc-ops@tmx.com
web@clearstream.com
registeredshares@clearstream.com
tax@clearstream.com
tabea.behr@clearstream.com
christina.vogt@clearstream.com
flemmingkozok@gmail.com
kontakt@boerse-duesseldorf.de
datenschutz@boersenag.de
k.schropp@aa-arbeitsschutz.de
miriam.bridges@ici.org
brenner@ici.org
conferences@ici.org
garrett.hawkins@ici.org
jeanne.arnold@ici.org
matthew.beck@ici.org
stephanie.ortbalstibbs@ici.org
olivia.caverly@ici.org
webmaster@ici.org
memberservices@ici.org
doug.richardson@ici.org
mike.mcnamee@ici.org
joe@morningstar.com
standards@wearepay.uk
fif@payments.ca
research@payments.ca
webmaster@n3kl.org
contact@21cssindia.com
your@email.com
info@cloudreviews.com
oath@fatcow.com
info@consolut.com
support@engineering.com
sales@flock.com
password@curlie.org
bsmurr@hotmail.com
fro@eatwild.com
info@wfdsa.org
support@hcaptcha.com
webcam@startmail.com
mail@beyondborders.net
david.diggs@beyondborders.net
jonathan@beyondborders.net
publications@bread.org
cford@bread.org
membership@bread.org
Sonya.Flores@metromin.org
renee.pettinger@midlandopendoor.org
info@transforminglives.org
thebridgetodestiny@gmail.com
dsanchez@ripplecommunityinc.org
GreaterBaltimore@bridgeofhopeinc.org
info@greaterdenver.bridgeofhopeinc.org
anned@bridgeofhopeinc.org
dlarkin@hopesb.org
meghann@dolovewalk.net
christiancaringcenter@yahoo.com
lancaster@bridgeofhopeinc.org
info@family-assistance.org
Director@hr.bridgeofhopeinc.org
chestercounty@bridgeofhopeinc.org
hlowe@transforminglives.org
Tirzah.boh@gmail.com
bridgeofhope.hbg@gmail.com
info@familypromiseswpa.org
dreese@hshministries.org
directorbohnci09@gmail.com
info@bridgeofhopeinc.org
marybethh@bridgeofhopeinc.org
info@cbmuk.org.uk
Bernard.Morris@vadoc.virginia.gov
Ashton.Brock@vadoc.virginia.govv
Douglas.Huff@vadoc.virginia.govv
Jerusha.Moses@vadoc.virginia.govv
William.Moore@vadoc.virginia.govv
Curtis.Wall@vadoc.virginia.govv
Vera.Rhyne@vadoc.virginia.govv
Michael.Blythe@vadoc.virginia.gov
Thomas.Armstrong@vadoc.virginia.govv
Evan.Rasnake@vadoc.virginia.gov
Randall.Reagan@vadoc.virginia.govv
Paul.Ritter@vadoc.virginia.govv
Janice.Broadie@vadoc.virginia.gov
Edmund.Mensah@vadoc.virginia.gov
Donna.B.Smith@vadoc.virginia.govv
Daniel.Theiben@vadoc.virginia.govv
Robby.Burke@vadoc.virginia.govv
Rita.Willet@vadoc.virginia.govv
Michael.Vosburg@vadoc.virginia.gov
Donald.Stine@vadoc.virginia.govv
Claudette.Rodney@vadoc.virginia.gov
Calvin.Corbitt@vadoc.virginia.govv
Randy.McDaniel@vadoc.virginia.govv
Lisa.Brown@vadoc.virginia.govv
Wayne.Hollenbaugh@vadoc.virginia.govv
Richard.Johnson@vadoc.virginia.govv
Nicholas.Meyer@vadoc.virginia.govv
Patrick.Jones@vadoc.virginia.govv
Darrell.Hunley@vadoc.virginia.govv
Cliff.Cauthorne@vadoc.virginia.govv
dwhite@cam-sa.org
ekirtner@cam-sa.org
mece@cam-sa.org
careers@cbm.org.au
info@cmaid.org
eric.park@cws.org.nz
nadine.wells@cws.org.nz
pauline.mckay@cws.org.nz
trish.murray@cws.org.nz
rob.wayne@cws.org.nz
gillian.southey@cws.org.nz
jordyn.kotara@cws.org.nz
media@cwsglobal.org
morozco@cwsglobal.org
kendra.wong@vicnews.com
ccraig-wilder@crisiscontrol.org
khoffner@crisiscontrol.org
msemones@crisiscontrol.org
tadkins@crisiscontrol.org
pbennett@crisiscontrol.org
melliott@crisiscontrol.org
sbest@crisiscontrol.org
cmickle@crisiscontrol.org
cmorris@crisiscontrol.org
pcribb@crisiscontrol.org
khaynes@crisiscontrol.org
mperez@crisiscontrol.org
liruela@crisiscontrol.org
cfranzese@crisiscontrol.org
gbanks@crisiscontrol.org
amccall@crisiscontrol.org
eeaa@genovieva.org
hr@emiworld.org
mena@emiworld.org
ost@ecsphilly.org
sbm@ecsphilly.org
mindset@ecsphilly.org
victorias@ecsphilly.org
volunteer@ecsphilly.org
info@familycare.org
fcf@familycare.org
me@smasala.com
donorservice@foodforthepoor.com
webfinance@foodforthepoor.org
wandaw@foodforthepoor.com
wandaw@foodforthepoor.org
michaelt@foodforthepoor.com
kathys@foodforthepoor.org
michaelt@foodforthepoor.org
kathys@foodforthepoor.com
jamesg@foodforthepoor.com
Sponsorship@foce.org
acunningham@foce.org
trips@unto.com
rblum@geiger.com
aid@graceministries.com.au
jennifer.rice@greatcommissionair.org
awoods@hhi.org
tfoster@hhi.org
bpost@hhi.org
cmccurry@hhi.org
jrucker@hhi.org
jsmith@hhi.org
ssaunders@hhi.org
charper@hhi.org
avandyke@hhi.org
nmarkwood@hhi.org
cburkybile@hhi.org
eudofia@hhi.org
abell@hhi.org
jowen@hhi.org
sjudge@hhi.org
gkelley@hhi.org
jmarkwood@hhi.org
cherring@hhi.org
mjent@hhi.org
cscott@hhi.org
cgingles@hhi.org
cgannon@hhi.org
joannecivy@aol.com
advocacy@persecution.org
kpiatt@medicalteams.org
info@medicalteams.org
vwilson@medicalteams.org
exhibit@medicalteams.org
volunteer@medicalteams.org
mstrathdee@meda.org
iwarkentin@meda.org
communications@meda.org
rsawatzky@meda.org
dshoemaker@meda.org
mmiller@meda.org
bnussbaum@meda.org
ruthleaman@meda.org
supporter.relations@maf-uk.org
youth@maf-uk.org
newsdesk@maf-uk.org
jsmith@mybrotherskeeper.org
mbyrne@mybrotherskeeper.org
kpandiani@mybrotherskeeper.org
pkey@mybrotherskeeper.org
jtenaglia@mybrotherskeeper.org
mstrong@mybrotherskeeper.org
kbeltramello@mybrotherskeeper.org
fkrefft@mybrotherskeeper.org
emiller@mybrotherskeeper.org
lmccarthy@mybrotherskeeper.org
rthorley@mybrotherskeeper.org
jimorcutt@mybrotherskeeper.org
bwilliams@mybrotherskeeper.org
jdoulos@mybrotherskeeper.org
bcollins@mybrotherskeeper.org
employment@ob.org
donation@partnersinternational.ca
sp-permissions@samaritan.org
occinfo@samaritan.org
office@delhihouse.de
pia@jayaho.ch
teresa.smith@scccc.co.uk
sharon@scccc.co.uk
data@scccc.co.uk
director@scccc.co.uk
rehneesa@scccc.co.uk
tammy.wilson@scccc.co.uk
volunteers@scccc.co.uk
Volunteers@scccc.co.uk
iupic@aol.com
finance@worldhope.ca
info@wordhope.org
admin@worldhope.org.au
jobs@wr.org
mschroeder@tearfund.ca
hr@tearfund.ca
msukhudyan@tearfund.ca
jekuban@tearfund.ca
rmorton@tearfund.ca
lburelle@tearfund.ca
aoussoren@tearfund.ca
wjohnson@tearfund.ca
cphillips@tearfund.ca
gvitalicio@tearfund.ca
fwoldemichael@tearfund.ca
dmiller@tearfund.ca
info@missiondc.org
DChambers@missiondc.org
help@missiondc.org
lallison@cornerstonemission.org
apioche@cornerstonemission.org
tknodell@cornerstonemission.org
tsadmin@cornerstonemission.org
svanvlack@cornerstonemission.org
tconrad@cornerstonemission.org
mleanna@cornerstonemission.org
KPanton@cornerstonemission.org
ts@cornerstonemission.org
anne@glasgowcitymission.com
Cooper73@marshall.edu
Info@hcmwv.org
hr@jimmiehalemission.com
legal@jimmiehalemission.com
paige@jessiesplace.com
grace@jessiesplace.com
jasmine@jessiesplace.com
glenda@jessiesplace.com
yvonne@jessiesplace.com
volunteer@jessiesplace.com
mmccarthycreative@gmail.com
gbean@gmnews.com
blogpastorkevinbrown@aol.com.biz
support@kindful.com
Hwhite@opendoorhouston.org
support@diziana.com
bd9df81d859641f39ce626ce2a2cc90d@sentry.io
DDahm@phxmission.org
rstacke@phxmission.org
RStacke@phxmission.org
webmaster@saltlakecitymission.org
volunteer@sbrm.org
info@volunteerhub.com
support@volunteerhub.com
hwuelpern@tucsonchamber.org
TucsonMetroChamber@tucsonchamber.org
info@tucsonchamber.org
tjensen@tucsonchamber.org
volunteers@centerofopportunity.org
info@centerofopportunity.org
contact@ugm.ca
compliance@vancopayments.com
danderson@urm.org
rences@missionba.com
info@logilys.com
benevole@missionba.com
cdufort@missionba.com
cv@missionba.com
fondlove@vinechurch.ru
rc.newliferus@gmail.com
center@newliferus.ru
rcenter@list.ru
centere@mail.ru
info@agrm.org
support@ccca.org
info@ccca.org
admissions@cairn.edu
gcook@circleofprotection.us
drb@doctorbeheshti.com
office@doctorbeheshti.com
thelimbicregion-owner@yahoogroups.com
thelimbicregion-unsubscribe@yahoogroups.com
thelimbicregion@yahoogroups.com
support@gostats.com
admin@autopsyfiles.org
evan@protest.net
act-ma@igc.topica.com
copyright@avaaz.org
mail@marymaher.com.au
camilla@bigpond.net.au
fqs@qualitative-research.net
wolffmichael.roth@gmail.com
thomas.etzemueller@uni-oldenburg.de
m.schreier@jacobs-university.de
breuerf@psy.uni-muenster.de
mey@qualitative-forschung.de
ploderandrea@gmail.com
rfaux9@gmail.com
debora.niermann@phzh.ch
Jo.Reichertz@uni-essen.de
info@qualitative-research.net
Jo.Reichertz@t-online.de
debora.niermann@soziologie.uni-freiburg.de
jo.reichertz@t-online.de
breuerf@uni-muenster.de
Jo.Reichertz@kwi-nrw.de
carlos.koelbl@uni-bayreuth.de
Carlos.Koelbl@uni-bayreuth.de
info@aace.org
stanford.today@forsythe.stanford.edu
jeff@democraticmedia.org
kkopp@democraticmedia.org
sgrant@consumerfed.org
david@commercialfreechildhood.org
drosen@citizen.org
fitzgerald@epic.org
josh@commercialfreechildhood.org
media@citizenlab.ca
info@gandhitoday.org
webaster@gandhitoday.org
kathy@vcnv.org
talleres@trainingforchange.org
copyright@change.org
help@change.org
dpt@change.org
GrievanceOfficer.india@change.org
InfoCaru@bbbnp.org
legal@change.org
your@email.address
Reenie@alwaysinstyle.com
doris@alwaysinstyle.com
6f5671770e934b39a447418d18a28092@sentry.io
lloyd@expertanswers.co.uk
siemczester@op.pl
vadams8100@gmail.com
viv.cox@nhs.net
lambertjacq@aol.com
c.tilburyspost@gmail.com
jamie.baker2003@gmail.com
neil.john.ayers@hotmail.co.uk
babc.ltd@hotmail.com
listerchelle@hotmail.com
david.banks250713@gmail.com
coopermichelle@live.co.uk
johngillity@gmail.com
hihelen@yahoo.com
markroberts22@icloud.com
noreply@gabriellemonaen.com
business_accounts@experts-exchange.com
jane@calpoly.edu
sales@experts-exchange.com
cs_desk@experts-exchange.com
owen@e-e.com
expert-program@experts-exchange.com
customer_support@experts-exchange.com
privacy@experts-exchange.com
opt-out@experts-exchange.com
pr@tiktok.com
reports@tiktok.com
main-tracking-script@released.js
re-kv-page-home-page@1.4.7.js
re-kv-page-home-page@1.4.7.css
contest@askdreldritch.com
AciDb1@aol.com
sexylibby@hotmail.com
JohnIsntDeadHeIsJustLazy@niftyness.com
contact@hiddenhurt.co.uk
rcwnsliz@hotmail.com
russellmokhiber@gmail.com
contact@corporatewatch.org
haveyoursay@bbc.co.uk
u003Ebigquestions@theconversation.com
bigquestions@theconversation.com
stacey@bbc.co.uk
bbcthreewebfeedback@bbc.co.uk
penguindetetive@mac.com
ihasan@aol.com
BK-KSBGTIsquare_1000x1000@2x.progres
BK-CNCLsquare_1000x1000@2x.progres
BK-GLGGFCsquare_7b8a7508-f52f-4ace-a96c-216884e974d1_1000x1000@2x.progres
BK-JPSET-PDRcopy_1000x1000@2x.progres
MS-SMBFOsquare_1000x1000@2x.progres
BK-WTFCsquare_a963a94a-aaab-4d22-8968-c73cf4dd8ca6_1000x1000@2x.progres
BK-WTFCsquare_1000x1000@2x.progres
AFWK20-000-2020-amazing-facts-lets-pray-tee-heather-deep-teal_1000x1000@2x.progres
BK-AFGC3dsquare_1000x1000@2x.progres
BK-KSGBUR_1000x1000@2x.progres
MS-BDHsquarecopy_1000x1000@2x.progres
u003eorders@amazingfacts.org
BK-GC500_1000x1000@2x.progres
BK-CNTLsquare_1000x1000@2x.progres
BK-KSGBUR_ccbf5ecf-da7f-4940-96c0-7dd24851aafa_1000x1000@2x.progres
BK-PFK_1000x1000@2x.progres
BK-KLSGBasquare_1000x1000@2x.progres
bk-lops.17_1000x_87a4c114-c93b-4df1-bba8-a15a8813a6fc_1000x1000@2x.progres
BK-CKLBsquare_1000x1000@2x.progres
DV-RNSETsquare_1000x1000@2x.progres
BK-TASFC-Square_1000x1000@2x.progres
BK-CKPLsquare_1000x1000@2x.progres
MS-AATasquare_1000x1000@2x.progres
BK-TSCFCsquare_1000x1000@2x.progres
info@raisedonors.com
support@bttb.app
edwinj833@gmail.com
dskaggs6404@sbcglobal.net
belvecoc@mindspring.com
medwar@scrtc.blue.net
wsidecoc@wincom.net
GJReichel@aol.com
info@internationalgospelhour.com
info@gbntv.org
authenticchristianpodcast@gmail.com
mail@thegospelofchrist.com
biblestudy@wvbs.org
director@oabs.org
office@sojourning.org
huixiaochun@126.com
meigaodijixie@126.com
RoyDavison@oldpaths.net
ron@netbiblestudy.net
ronb@netbiblestudy.net
bebaptized1@gmail.com
garysummers@spiritualperspectives.org
garysummers@sprirtualperspectives.org
webmaster@spiritualperspectives.org
cocpphi@singnet.com.sg
steffanjob@emw.org.uk
rebeccagethin@emw.org.uk
help@emw.org.uk
songfish@netvision.net.il
bethamechad1@juno.com
bobmendo@aol.com
bymashiach@ev1.net
GodzSrvnt@aol.com
rabbi.sgaliley@mjaa.org
rabbi@themessianiccongregation.com
info@hopeofisrael.info
office@bethsimcha.com
worship@bnaiavrahamva.org
n-vladislav@yandex.ru
ctinnan@hotmail.com
opportunities@chosenpeople.com
shalomny@chosenpeople.com
shalomboston@chosenpeople.com
shalomphilly@chosenpeople.com
namn@yourhobby.com
info@orthodox360.com
info@orthodoxpittsburgh.org
info@stnicholascathedral.org
stnickcathedral@icloud.com
info@orthodoxdelmarva.org
webmaster@jordanville.org
info@jordanville.org
contact@orthodoxhawaii.org
webdesigner@orthodoxhawaii.org
info@pcusa.org
mbuonincontri@pensions.org
info@pensions.org
comments@peacemakers.net
rortrust@gmail.com
tolson@firstefc.org
info@firstefc.org
kking@firstefc.org
jcaldwell@firstefc.org
gfruchey@firstefc.org
peacemaker@peacemakers.net
PastorZell@eastborough.org
thaggard@newlifechurch.org
egorski@denverpost.com
stephanie.simon@latimes.com
info@ostervillebaptist.org
wrau@d94.org
fbc.info@fbcwheatonil.org
Official-rau819@aol.com
michael.rowe@fbcwheatonil.org
rau819@aol.com
noreply7@noemail.com
ff@firefighters.org
mp3webmaster@firefighters.org
alexvildosomusica@gmail.com
info@brickent.com
sean@reallifeib.com
dustin@reallifeib.com
noreply233@noemail.com
noreply235@noemail.com
noreply100@noemail.com
noreply234@noemail.com
noreply17@noemail.com
noreply101@noemail.com
noreply53@noemail.com
noreply11@noemail.com
noreply141@noemail.com
noreply171@noemail.com
noreply130@noemail.com
noreply116@noemail.com
noreply190@noemail.com
noreply152@noemail.com
noreply51@noemail.com
noreply204@noemail.com
noreply97@noemail.com
noreply191@noemail.com
noreply285@noemail.com
noreply89@noemail.com
noreply224@noemail.com
noreply208@noemail.com
noreply109@noemail.com
noreply105@noemail.com
noreply159@noemail.com
noreply136@noemail.com
noreply146@noemail.com
noreply211@noemail.com
noreply140@noemail.com
noreply83@noemail.com
noreply162@noemail.com
noreply106@noemail.com
noreply148@noemail.com
noreply81@noemail.com
noreply181@noemail.com
noreply139@noemail.com
noreply151@noemail.com
noreply12@noemail.com
noreply147@noemail.com
noreply167@noemail.com
noreply87@noemail.com
noreply78@noemail.com
noreply121@noemail.com
noreply185@noemail.com
noreply270@noemail.com
noreply54@noemail.com
noreply207@noemail.com
noreply114@noemail.com
noreply@noemail.com
noreply165@noemail.com
noreply6@noemail.com
noreply4@noemail.com
noreply210@noemail.com
noreply164@noemail.com
noreply93@noemail.com
noreply309@noemail.com
noreply124@noemail.com
noreply57@noemail.com
noreply308@noemail.com
noreply46@noemail.com
noreply107@noemail.com
noreply180@noemail.com
noreply174@noemail.com
noreply95@noemail.com
noreply111@noemail.com
noreply133@noemail.com
noreply134@noemail.com
noreply119@noemail.com
noreply135@noemail.com
noreply79@noemail.com
noreply170@noemail.com
noreply150@noemail.com
noreply45@noemail.com
noreply47@noemail.com
noreply206@noemail.com
noreply3@noemail.com
noreply128@noemail.com
noreply103@noemail.com
noreply201@noemail.com
noreply179@noemail.com
noreply216@noemail.com
noreply184@noemail.com
noreply113@noemail.com
noreply18@noemail.com
noreply8@noemail.com
noreply15@noemail.com
noreply219@noemail.com
noreply145@noemail.com
noreply85@noemail.com
noreply138@noemail.com
noreply132@noemail.com
noreply218@noemail.com
noreply176@noemail.com
noreply173@noemail.com
noreply168@noemail.com
noreply91@noemail.com
noreply80@noemail.com
noreply5@noemail.com
noreply195@noemail.com
noreply10@noemail.com
noreply13@noemail.com
noreply203@noemail.com
noreply82@noemail.com
noreply221@noemail.com
noreply127@noemail.com
noreply129@noemail.com
noreply56@noemail.com
noreply199@noemail.com
noreply345@noemail.com
noreply50@noemail.com
noreply125@noemail.com
noreply178@noemail.com
noreply52@noemail.com
noreply48@noemail.com
noreply175@noemail.com
noreply149@noemail.com
noreply212@noemail.com
noreply144@noemail.com
noreply215@noemail.com
noreply92@noemail.com
noreply166@noemail.com
noreply196@noemail.com
noreply222@noemail.com
noreply112@noemail.com
noreply14@noemail.com
noreply108@noemail.com
noreply153@noemail.com
noreply182@noemail.com
noreply55@noemail.com
noreply186@noemail.com
noreply123@noemail.com
noreply@noemail245.com
noreply172@noemail.com
noreply16@noemail.com
noreply200@noemail.com
noreply19@noemail.com
noreply99@noemail.com
noreply217@noemail.com
noreply96@noemail.com
noreply126@noemail.com
noreply157@noemail.com
noreply120@noemail.com
noreply177@noemail.com
noreply202@noemail.com
noreply98@noemail.com
noreply193@noemail.com
noreply86@noemail.com
noreply213@noemail.com
noreply84@noemail.com
noreply187@noemail.com
noreply118@noemail.com
noreply194@noemail.com
noreply110@noemail.com
noreply115@noemail.com
noreply163@noemail.com
noreply58@noemail.com
noreply223@noemail.com
noreply154@noemail.com
noreply9@noemail.com
noreply158@noemail.com
noreply90@noemail.com
noreply88@noemail.com
noreply49@noemail.com
noreply122@noemail.com
noreply104@noemail.com
noreply77@noemail.com
noreply188@noemail.com
noreply209@noemail.com
noreply160@noemail.com
noreply137@noemail.com
noreply197@noemail.com
noreply300@noemail.com
noreply189@noemail.com
noreply117@noemail.com
noreply220@noemail.com
noreply192@noemail.com
noreply131@noemail.com
noreply142@noemail.com
noreply143@noemail.com
noreply205@noemail.com
noreply169@noemail.com
noreply155@noemail.com
noreply161@noemail.com
noreply214@noemail.com
noreply156@noemail.com
noreply60@noemail.com
noreply43@noemail.com
noreply38@noemail.com
noreply29@noemail.com
noreply28@noemail.com
noreply34@noemail.com
noreply33@noemail.com
noreply36@noemail.com
noreply75@noemail.com
noreply2@noemail.com
noreply276@noemail.com
noreply35@noemail.com
noreply64@noemail.com
noreply76@noemail.com
noreply41@noemail.com
noreply26@noemail.com
noreply32@noemail.com
noreply71@noemail.com
noreply37@noemail.com
noreply66@noemail.com
noreply21@noemail.com
noreply61@noemail.com
noreply70@noemail.com
noreply40@noemail.com
noreply59@noemail.com
noreply20@noemail.com
noreply63@noemail.com
noreply22@noemail.com
noreply27@noemail.com
noreply23@noemail.com
noreply102@noemail.com
noreply39@noemail.com
noreply24@noemail.com
noreply68@noemail.com
noreply31@noemail.com
noreply30@noemail.com
noreply62@noemail.com
noreply74@noemail.com
noreply25@noemail.com
noreply42@noemail.com
noreply67@noemail.com
noreply65@noemail.com
noreply72@noemail.com
info@uturnforchrist.com
info@beholdisrael.org
noreply1@noemail.com
noreply288@noemail.com
noreply275@noemail.com
iec123@hotmail.com
contact@labri.za.org
adams@marshillaudio.org
stelling@marshillaudio.org
ChristianPost@pinkston.co
marcia@brimwoodpress.com
rob.brazier@gmail.com
herebebccook@gmail.com
jknoonan2000@yahoo.com
m.thomas.read.more@gmail.com
tamarakelly57@gmail.com
dolphc@cedarville.edu
vrmetown@gmail.com
joel.benedetti@gmail.com
whmc1615@gmail.com
mattwstover@gmail.com
ward.slager@gmail.com
rivendellhouse@gmail.com
drrwoods@gmail.com
youth@opendoorsuk.org
someone@domain.com
challenge@opendoorsuk.org
odireland@opendoorsuk.org
odscotland@opendoorsuk.org
Safeguarding@opendoorsuk.org
safeguarding@opendoorsuk.org
elaine.pendergrass@ministryarchitects.com
thepeopleschurchlb@yahoo.com
tlc@countrysideucc.com
renee.wilson@ministryarchitects.com
tammy@gmail.com
heatherdobbert@gmail.com
hr@stlukesumc.com
pspohn@clcht.org
pnctippechurch@gmail.com
guildfive@yahoo.com
info@abc-coggc.org
ldc84jpm@yahoo.com
info@grupo-w.com
test@abc.com
GiftPlanning@afsc.org
livesimplyaward@cafod.org.uk
events@cafod.org.uk
pressinquiries@crs.org
plannedgiving@crs.org
donorservices@crs.org
ihq-alltheworld@salvationarmy.org
IHQ-Accountability@salvationarmy.org
revive@salvationarmy.org
safeguarding-claim@fh.org
fcollins@fh.org
vrutishauser@fh.org
libby.card@austinstreet.org
teresa.thomas@austinstreet.org
sales@candid.org
products@candid.org
support@guidestar.org
membership@nae.net
articles@laisha.com
laisha@laisha.com
expert@laisha.com
laisha@allmainematters.com
url_review@infoseek.com
search-support@altavista.com
editor@writersebook.com
assist@christianwebsitesdirectory.com
subscribe@conservativetruth.org
truth@testthespirit.com
cd@christianvideopro.com
donate@donationline.com
registrar@santafeuniversity.edu
onlinesupport@santafeuniversity.edu
sfs@santafeuniversity.edu
studentaccounts@santafeuniversity.edu
info@booksmarkgalore.com
info@bookmarksgalore.com
conniebratcher@gmail.com
support@christianlink.com
webmaster@christianlink.com
info@ruthwoodandfriends.com
linda@webtechdg.com
autosupport@bidvertiser.com
contact@autoreduc.com
info@mango.mp
nexttv@smartbrief.com
bandc@smartbrief.com
privacy@smartbrief.com
dataprotection@cbn.org
Michael.Stonecypher@cbn.org
webmaster@captioningsucks.com
jeremy@huffduffer.com
support@goldenname.com
baiwei5000@126.com
theBRML-subscribe-request@listserv.heanet.ie
thebrml-request@listserv.heanet.ie
icebike-subscribe-request@listserv.heanet.ie
icebike@listserv.heanet.ie
listmanager@hookup.net
dominique@genie.geis.com
Eukadanz@aol.com
webmaster@animeglobe.com
admissions@berklee.edu
conservatoryadmissions@berklee.edu
admissionsvalencia@berkleee.edu
admissionsvalencia@berklee.edu
askalibrarian@berklee.edu
timestory@gmail.com
careercenter@berklee.edu
studentaffairsvalencia@berklee.edu
studyabroad@berklee.edu
eo@berklee.edu
financialaid@berklee.edu
infovalencia@berklee.edu
atvalencia@berklee.edu
academicaffairsvalencia@berklee.edu
scholarshipsvalencia@berklee.edu
iss@berklee.edu
promoteit@berklee.edu
valenciapublicsafety@berklee.edu
mzarza@berklee.edu
internationalcareers@berklee.edu
hrvalencia@berklee.edu
valenciapublicsafey@berklee.edu
studentaccounts@berklee.edu
admissionsnyc@berklee.edu
lstearns@berklee.edu
infonyc@berklee.edu
akluss@lanet.lv
starsupport@torstar.ca
city@thestar.ca
publiced@thestar.ca
info@kcw.de
website@cowdude.com
bradboard@gmail.com
kpnorbert@hotmail.com
Matt.Like@townsquaremedia.com
eric.stone@townsquaremedia.com
Johnny.Marks@townsquaremedia.com
danielle.kootman@townsquaremedia.com
danielle.rodgers@townsquaremedia.com
Eric.Stone@townsquaremedia.com
penny.foy@townsquaremedia.com
kdat@kdat.com
Danielle.Kootman@townsquaremedia.com
Terry.Peters@townsquaremedia.com
john.kearns@coolfm.co.uk
appsupport@bauermedia.co.uk
pete.snodden@coolfm.co.uk
katharine.walker@coolfm.co.uk
djhix@coolfm.co.uk
andy.baird@coolfm.co.uk
hello@magic.co.uk
peter.flanagan@coolfm.co.uk
neal.mcclelland@coolfm.co.uk
david.mccammond@coolfm.co.uk
connor.coates@coolfm.co.uk
paul.kennedy@coolfm.co.uk
stuart.robinson@coolfm.co.uk
studio@kissfmuk.com
studio@absoluteradio.co.uk
rebecca.mckinney@coolfm.co.uk
curtis.mccosh@coolfm.co.uk
paul.orr@downtown.co.uk
adrian.dempsey@downtown.co.uk
kirstie.mcmurray@downtowncountry.co.uk
mark.wesley@downtown.co.uk
peter.flanagan@downtown.co.uk
mcmurray@downtown.co.uk
bigt@downtown.co.uk
david.mccammond@downtown.co.uk
lisa.mchugh@downtown.co.uk
paul.francis@downtown.co.uk
paul.mcbride@downtown.co.uk
david.coleman@downtown.co.uk
jason.hughes@downtown.co.uk
paul.kennedy@downtown.co.uk
stuart.banford@downtown.co.uk
caroline.fleck@downtown.co.uk
jr@downtown.co.uk
john.kearns@downtown.co.uk
owen.beers@downtown.co.uk
david.gordon@downtown.co.uk
ken.bruce@downtown.co.uk
owen.larkin@downtown.co.uk
peter.flanaghan@downtown.co.uk
gary.myles@downtown.co.uk
kirstie.mcmurray@downtown.co.uk
neal.mcclelland@downtown.co.uk
iod@polskieradio.pl
webmaster@lanet.lv
feedback@time.com
letters@time.com
pat@example.com
address@email.com
kaypeck@gmail.com
206e086ef8374b44b2dccb62d15b3479@sentry.io
support@buzzfeed.com
dsah@math.sunysb.edu
andreabaxcy@tablo.com
cookingcare@nytimes.com
bschuessler@whowhatwear.com
stylist@whowhatwear.com
info@concept2.com
WMPrivacy@warnermediagroup.com
service@harryanddavid.com
support@contentstack.com
sslaughter@themanual.com
licensing@digitaltrends.com
DTMGSales@digitaltrends.com
insidesales@digitaltrends.com
stevenjohn23@gmail.com
xproc-dev@w3.org
cmssupport@ucc.ie
netops@ucc.ie
panoptosupport@ucc.ie
avms@ucc.ie
sit@ucc.ie
ltu@ucc.ie
webmaster@ucc.ie
helpdesk@ucc.ie
abuse@ucc.ie
rtr-info@rare.nl
raresec@rare.nl
Jill.Foster@newcastle.ac.uk
lenggenhager@switch.ch
info@silmaril.ie
mailman.288.1622733109.2581.ctan-ann@ctan.org
mailman.207.1622578211.2581.ctan-ann@ctan.org
mailman.238.1622638407.2581.ctan-ann@ctan.org
office@tug.org
mailman.206.1622578131.2581.ctan-ann@ctan.org
mailman.201.1622577702.2581.ctan-ann@ctan.org
mailman.86.1622313420.2581.ctan-ann@ctan.org
mailman.95.1622381716.2581.ctan-ann@ctan.org
mailman.83.1622309166.2581.ctan-ann@ctan.org
webmaster@tug.org
mailman.276.1622712179.2581.ctan-ann@ctan.org
mailman.71.1622231993.2581.ctan-ann@ctan.org
mailman.234.1622633419.2581.ctan-ann@ctan.org
mailman.296.1622751936.2581.ctan-ann@ctan.org
mailman.208.1622578311.2581.ctan-ann@ctan.org
mailman.228.1622618145.2581.ctan-ann@ctan.org
mailman.204.1622577869.2581.ctan-ann@ctan.org
mailman.205.1622577976.2581.ctan-ann@ctan.org
mailman.80.1622288346.2581.ctan-ann@ctan.org
mailman.153.1622478441.2581.ctan-ann@ctan.org
mailman.295.1622751850.2581.ctan-ann@ctan.org
mailman.169.1622525063.2581.ctan-ann@ctan.org
mailman.240.1622639310.2581.ctan-ann@ctan.org
mailman.194.1622559087.2581.ctan-ann@ctan.org
mailman.291.1622743037.2581.ctan-ann@ctan.org
mailman.66.1622214376.2581.ctan-ann@ctan.org
mailman.259.1622664808.2581.ctan-ann@ctan.org
mailman.68.1622224395.2581.ctan-ann@ctan.org
mailman.159.1622495586.2581.ctan-ann@ctan.org
mailman.96.1622381801.2581.ctan-ann@ctan.org
mailman.200.1622577572.2581.ctan-ann@ctan.org
xmlfaq@silmaril.ie
cora@ucc.ie
sales@liquid-technologies.com
submit@alistapart.com
info@italianalistapart.com
press@grammarly.com
affiliate_mktg@grammarly.com
feedback@iabuk.net
oba@iab.gr
samoregulator@spir.cz
obafeedback@iabeurope.eu
avis@iabfrance.com
oba@iab.hu
feedback@iabireland.ie
git@gitlab.gnome.org
osi@opensource.org
support@oxygenxml.com
listmaster@mulberrytech.com
sales@antennahouse.com
support@antennahouse.com
contact@changecatalyst.co
sponsor@changecatalyst.co
chris@jsconf.com
tips@insideedition.com
TechSalesInquiries@cbsinteractive.com
Jane.Goldman@chow.com
gb_news@giantbomb.com
CBSicredit@cbs.com
support@tv.com
CBSI-Programmatic@cbsinteractive.com
cbssales@cbsinteractive.com
GamesSalesInquiries@cbsinteractive.com
cbsi-customercare-support@cbsi.com
news@gamespot.com
support@cbssports.com
pr@cbssports.com
Studio61SalesInquiries@cbsinteractive.com
InternationalSalesInquiries@cbsinteractive.com
Jason.Hiner@techrepublic.com
MediaSalesInquiries@cbsinteractive.com
Lawrence.dignan@cbs.com
cbssportssalesinquiries@cbsinteractive.com
tony@comicvine.com
marc.doyle@cbs.com
cbsi-billing@cbsinteractive.com
morgan.seal@cbsi.com
cbssales@cbsi.com
customerservicedigital@rollingstone.com
cbssportshq-web@cbsinteractive.com
support@tigerstylegames.com
privacy@spotify.com
MJMazarrone@yahoo.com
davidjbronstein@hotmail.com
natalieharmsen@gmail.com
zac.dubasik@solecollector.com
ben.felderstein@complex.com
damnwrite@hotmail.com
joseph.patterson@w00t.complex.com
tj4455@gmail.com
andrew.luecke@complex.com
victorde@buffalo.edu
victor.deng-freelancer@complex.com
christine.werthman@complex.com
ayallab@complex.com
jordan.rose-freelancer@complex.com
kerensa.cadenas@complex.com
joshuaesp@gmail.com
andrejgee@gmail.com
eric.skelton@complex.com
karizza.sanchez@complex.com
alejandro@complex.com
bibalderrama@gmail.com
akeenalegall@gmail.com
shantec@complex.com
lou.delaney-freelancer@complex.com
zach.frydenlund@complex.com
christopher.gironda@complex.com
kevinjameswong@gmail.com
info@complex.com
cyuscavage@gmail.com
walenchi98@gmail.com
robk@complex.com
brendan.klinkenberg@complex.com
kamantoine5@gmail.com
ernestb@four-pins.com
lei.takanashi@complex.com
negdo.mesa@complex.com
brendan.dunne@complex.com
adam.caparell@complex.com
matt.welty@complex.com
waiss.aramesh@complex.com
kevin.orozco@complex.com
bills@complex.com
justin.charity@complex.com
alekseyb@complex.com
shenequa.golding@complex.com
alstontreyl@gmail.com
manseen.logan-freelancer@complex.com
goochtmi@gmail.com
ray.philip@complex.com
brandon.richard@solecollector.com
isabel.naturman@complex.com
chilandwong@gmail.com
goodmanw@mac.com
sage.east@gmail.com
shawn.setaro@complex.com
brandedcontentalias@complex.com
frazier.tharpe@complex.com
carolyn.bernucca-freelancer@complex.com
brettc@complex.com
brandon.nydell@complex.com
anthonyr@complex.com
damien.scott@complex.com
noahc@complex.com
davidd@complex.com
insanula@complex.com
johnny5isawesome@gmail.com
omar.abdelaziz@complex.com
isabelnaturman@gmail.com
riley.jones@complex.com
bradley.callas-freelancer@complex.com
nathaniel.t.houston@gmail.com
hi@kish-lal1.com
qluckyme211@gmail.com
derek.moses@complex.com
benbraddocks@gmail.com
michael.destefano@complex.com
wschube1@gmail.com
chantel.marinho@corusent.com
russb@complex.com
brenton.blanchet-freelancer@complex.com
kevin.clark-freelancer@complex.com
u003Eriley.jones@complex.com
katherine.calvert@complex.com
weisssam@gmail.com
aria.hughes@complex.com
alessandra.maldonado@complex.com
khrisd@complex.com
trace.cowen@complex.com
taramhdvn@gmail.com
jessica.mckinney@complex.com
anita.li@complex.com
angeld@complex.com
lauren.nostro@complex.com
ricardo.somborn@complexnetworks.com
mr.jlmartinez@gmail.com
jasmine.montgomery@gmail.com
xavierhandyhamilton@gmail.com
ericsofly99@yahoo.com
benyi.johnson@complex.com
dshonda.brown-freelancer@complex.com
anslem.rocque@complex.com
karla.rodriguez@complex.com
abel.shifferaw@complex.com
diamond.hillyer-freelancer@complex.com
amber.mckynzie-freelancer@complex.com
toure@toure.com
david.cabrera@complex.com
james.keith@w00t.complex.com
mackenzie.cummingsgrady-freelancer@complex.com
nialltvc@gmail.com
ericdiep88@gmail.com
rick.mele@gmail.com
angeld@triangleoffense.com
chris.udoeyop@gmail.com
michael.destefano-freelancer@complex.com
jacob.davey@w00t.complex.com
solearius@gmail.com
skylarb@four-pins.com
no-access@somewhere.else.again
julianxberman@gmail.com
aleks.shklyar@complex.com
nickg@triangleoffense.com
555-555-0199@example.com
m.mora511@gmail.com
scarlettlanewman@gmail.com
serafinoj1@gmail.com
nickg@complex.com
daniel.barna-freelancer@complex.com
cedarrose@gmail.com
matthewh@complex.com
j.witner@gmail.com
jamesh@complex.com
jason.hahn@complex.com
orders@blackfashionfair.org
andrewlasane@gmail.com
sanj@gmail.com
skylar.bergl@complex.com
jian.deleon@complex.com
kemet.high-freelancer@complex.com
mattjbarone@gmail.com
debencalada@gmail.com
kyk1113@gmail.com
jkimble.hu@gmail.com
nelsonjr.keith@gmail.com
alysonlewis88@gmail.com
jespy@usc.edu
anthony.asencio@complex.com
alexwgalbraith@gmail.com
andrew.gruttadaro@complex.com
sophiastewart@berkeley.edu
phil.lewis-freelancer@complex.com
jmwood.nyc@gmail.com
es2910@nyu.edu
tara.aquino7@gmail.com
steven.jon.horowitz@gmail.com
margaret.bortner@complex.com
gavin.evans187@gmail.com
victorialjohnson09@gmail.com
sg4001@nyu.edu
jrdspimentel@gmail.com
supesbusiness@gmail.com
ericeidelstein@gmail.com
mjfoucault@gmail.com
corey.pellatt@w00t.complex.com
jflynn616@gmail.com
paul.weber@complex.com
alex.gale@complex.com
leigh.silver@complex.com
rap393@nyu.edu
officialbradrlambert@gmail.com
elizabethentenman@gmail.com
gtopscher@gmail.com
nathanreese@gmail.com
stevedool@gmail.com
kylel@complex.com
u003Eaaroncmansfield@gmail.com
ejl353@nyu.edu
john.marcelo@complex.com
lewis.scrafton@w00t.complex.com
liam.fox@gmail.com
amongmenintern@gmail.com
vivekmjacob@gmail.com
info@triangleoffense.com
kyleshokeye@gmail.com
zolojede@gmail.com
rafaelcanton7@gmail.com
maxrappaport@gmail.com
lukas.weese@gmail.com
gregory.babcock@complex.com
laura.grande@corusent.com
aaroncmansfield@gmail.com
music@sagaftra.org
u003Ecityguidetips@complex.com
mikeishavaughn@gmail.com
pchopz23@yahoo.com
zfagenson@gmail.com
cityguidetips@complex.com
beatlikeyoustolesomething@gmail.com
jon@doctorjonpaul.com
samueltlockhart@gmail.com
stephen.fiorentine@gmail.com
steve.j.duck@gmail.com
adisatherookwriter@gmail.com
scottysteiny@gmail.com
steve@archety.pe
dcsibor@gmail.com
cardenaslrn@gmail.com
daniel.so@complex.com
naomi.gordonloebl@gmail.com
garywarnett@gmail.com
oliver.georgiou@gmail.com
amir.j.ismael@gmail.com
sean@acclaimmag.com
john.gotty@gmail.com
support@complex.com
brett.gordon@complex.com
mike.miele@complexnetworks.com
info@curiousfox.com
tomas@schild.net
you@domain.com
Privacy@iacapps.com
dmca@iacapps.com
support@help.askapplications.net
dvohra09@yahoo.com
kgabhart@webagesolutions.com
kurt.cagle@gmail.com
admin@xml.com
hacquard@ica.coop
dataprotection@ica.coop
landsend@landsend.com
talkback@landsend.com
websiteinquiry@landsend.com
mgrebb@ranker.com
ranker-community@ranker.com
rmach@ranker.com
anna.lindwasser@gmail.com
music-lover@ranker.com
jonathanhkantor@gmail.com
williamsbrianjake@gmail.com
masartore@gmail.com
Mike_McGranaghan_LB769@ranker.com
Jim_Rowley_LB924@ranker.com
anndinni23@gmail.com
lat.jennings@gmail.com
watchworthy@ranker.com
Tracey_Graham_LB907@ranker.com
jdonleyproetto@ranker.com
rankerfilm@ranker.com
Skyler_Hanrath_LB709@ranker.com
Jake_Williams_LB993@ranker.com
mweiler@ranker.com
thisisjacobshelton@gmail.com
rankertv@ranker.com
stephanrogetwrites@gmail.com
rankerfood@ranker.com
eric.m.alt@gmail.com
info@ceccapitalus.com
serban.ghita@avangate.com
sg@avangate.com
mail@yoursitename.com
carol_robinson@amasso.com
paul_tom@amasso.com
jenniferhorn@msn.com
William.Froelich@colliers.com
lkenton@abhi.com
youremail@provider.com
dfarley@armadahoffler.com
u003etcolon@armadahoffler.com
sborden@armadahoffler.com
u003emsedamorales@armadahoffler.com
msedamorales@armadahoffler.com
tcolon@armadahoffler.com
u003edfarley@armadahoffler.com
pato@barshop-oles.com
milo@barshop-oles.com
wade@barshop-oles.com
clane@barshop-oles.com
lshaw@barshop-oles.com
grodell@barshop-oles.com
apeterson@barshop-oles.com
ndrozdyk@barshop-oles.com
jrice@barshop-oles.com
bhernandez@barshop-oles.com
dskrehot@barshop-oles.com
angelam@barshop-oles.com
ftrue@barshopventures.com
hls@0.8.9.js
customercare@statesman.com
kclark@ctot.com
pmcmillan@ctot.com
bshaddock@ctot.com
tmontscurtis@ctot.com
tmcmahon@ctot.com
bwright@ctot.com
mfawcett@ctot.com
rsanson@ctot.com
slozano@ctot.com
rconner@ctot.com
bpierce@ctot.com
Opportunityknocks@housemaster.com
ClearstreamHolding@clearstream.com
dchan@cls-group.com
info@medicoinvestor.com
yowainwright@gmail.com
info@leikode.dk
iceendex@theice.com
Everyone-Washington@theice.com
iceclearnetherlandsoperations@theice.com
CorporateCitizenship@theice.com
icechatsupport@ice.com
compliance-us@ice.com
Sales-ICEDataServices-EMEAInsideSales@ice.com
so-posttrade@ice.com
FeedsSupport@ice.com
ICEIndices@ice.com
media@ice.com
ClientNetworks@ice.com
iceendexspot@ice.com
IBA-Whistle@ice.com
Sales-ICEDataServices-APACEnquiries@ice.com
IBA-Licensing@ice.com
Compliance-Europe@ice.com
SFTI-Info@ice.com
iddsupport@ice.com
asiapacific@ice.com
compliance-canada@ice.com
BondEdgeClientSupport@ice.com
investors@ice.com
icehelpdesk@ice.com
Sales-ICEDataServices-USInsideSales@ice.com
iceglobalnetwork-info@ice.com
marketsupervision-singapore@ice.com
PricingAnalyticsSupport@ice.com
MarketSupervision-Europe@ice.com
support@creditex.com
icelinkhelp@ice.com
tradevaultsupport@ice.com
rates@theice.com
equities@theice.com
iceags@theice.com
bells@nyse.com
pr@nyse.com
corporatecitizenship@theice.com
ICELinkHelp@ice.com
k.homann@boersenag.de
m.braun@boersenag.de
m.stanke@boersenag.de
investorrelations@hkex.com.hk
csr@hkex.com.hk
ccmed@hkex.com.hk
bianca.blake@lme.com
henrysung@hkex.com.hk
tkim@ici.org
nicole.baker@ici.org
lhamman@ici.org
paul.mussoni@ici.org
tracey.wingate@ici.org
reprints@morningstar.com
Standards-Card-Identifiers@wearepay.uk
info@payments.ca
modernization@payments.ca
Service.BISIH_Office@bis.org
hotline@eps.com.hk
paypal@amule.szerverem.hu
pamster@cyber-soup.com
bbboy@bbboy.net
-unsubscribe@bb.bbboy.net
johndoe@hotmail.com
-information@bb.bbboy.net
-subscribetext@bb.bbboy.net
-subscribehtml@bb.bbboy.net
-contactadmin@bb.bbboy.net
webmaster@boardhost.com
3Apeter@boehringerphotography.com
20bb@betinalaplante.com
maguire33@verizon.net
webmaster@cannylink.com
care@feedly.com
hello@lessonly.com
sales@crucial.com.au
info@fvd.fr
support@maxmind.com
nevada-privacy@maxmind.com
privacy@maxmind.com
california-privacy@maxmind.com
dpo@maxmind.com
correction@maxmind.com
info@maxmind.com
john@example.com
u002F44921dbd4b3f45888e7a12fa78f945b6@sentry-api.nwse.io
support@consolut.com
career@consolut.com
karriere@consolut.com
sales@consolut.com
support@ientry.com
email-address@website.com
jim@amusive.com
advertise@searchking.com
support@mobicip.com
justin@erenkrantz.com
dfg.webmaster@alaska.gov
legal@lycos-inc.com
randyd11@gmail.com
enquiries@lionsclubs.co
forename.surname@lions105sc.org.uk
20webmaster@lions105m.org.uk
webmaster@lions.org.uk
web@lionsclubs105se.org.uk
mem@abingonlions.org.uk
wel@abingdonlions.org.uk
password@dmoz.org
contact@assuraf.com
webmaster@aventures-et-cie.com
leemage@leemage.com
info@maxhavelaarfrance.org
yourname@mailcargo.com
yourname@goggo.com.au
yourname@youremailbox.com
yourname@webmail.ca.za
enablejs@protonmail.com
emcjett@fdic.gov
learning@fdic.gov
Ombudsman@fdic.gov
consumeraffairs3@fdic.gov
robin@oasis-open.org
klantenservice@vandale.nl
alex.gudden@vandale.nl
zakelijk@vandale.nl
info@vandaletaaltrainingen.nl
info@ipvd.pt
mfleon@aevd.ec
milka.ortiz@asoem.org.bo
hudp@hudp.hr
info@dsauae.ae
zpp@zpp.sk
info@dsa.org.tw
janet.chang@dsas.org.sg
info@dsa.org
ruben.familia@amway.com
admin@dsasa.co.za
tta@tta.lv
info@edsa.ee
info@disafo.dk
info@osobniprodej.cz
info@asml.fi
contact@acvd.ro
Asilva@carey.cl
info@cavedi.org.ar
info@dsam.org.my
info@dsa.org.uk
sukanda@tdsa.org
info@directsellingsweden.se
vdv@directeverkoop.nl
seldia@seldia.eu
administradora@agevd.org.gt
contacto@capavedi.com.py
sramary@cevedir.org.ve
idsagm@idsa.co.in
giuliano.sciortino@avedisco.it
avd@avd.es
eduardo.castro@avon.com
info@acovedi.org.co
kdsa@kdsa.or.kr
wrosales@aceved.com
office@dsa.hu
info@rdsa.ru
Anastassiya.Kalashnikova@dsa.kz
cuvedi@cncs.com.uy
Gintautas.zaleckas@ltpa.lt
email@handelsverband.at
wyllie@dsanz.co.nz
adriana.colloca@abevd.org.br
apli@cbn.net.id
info@dsa.si
Office@dsai.ie
ndeleon@dsap.ph
info@svdf.ch
udsa_media@mail.ru
info@direkvertrieb.de
peter@dsa.ca
amvdac@prodigy.net.mx
info@pssb.pl
mario.hernandez@avon.com
kanri@jdsa.or.jp
gillian.stapleton@directselling.org.au
post@direktesalgsforbundet.no
info@dsd.org.tr
nfo@wfdsa.org
korona@uniarts.fi
siba.hakijapalvelut@uniarts.fi
teak.hakijapalvelut@uniarts.fi
hakijapalvelut@uniarts.fi
michaela.brann@uniarts.fi
maija.gronqvist@uniarts.fi
soili.sirenne@uniarts.fi
informacio@iec.cat
aranea@interlingua.com
u002F051ef4a8994d4b57ae3ca07bd9502949@errors.stripe.com
u003Esupport+terminal@stripe.com
compliance@sentry.io
dsb@dsb.gv.at
security@sentry.io
unsubscribe@cloudflare.com
privacyquestions@cloudflare.com
my_email_alias@use.startmail.com
alias-for-invoices@use.startmail.com
security@stripe.com
info@stripe.com
dpo@stripe.com
8ca50a25374f408699e0eda3eb47e7f9@errors.stripe.com
privacy@stripe.com
dpo@paypal.com
fundraising@openbsdfoundation.org
alice@work.com
draft-ietf-openpgp-rfc2440bis@ietf.org
jseward@acm.org
alice@home.org
lutz@iks-jena.de
dshaw@jabberwocky.com
derek@ihtfp.com
hal@finney.org
ietf-ipr@ietf.org
sample@example.com
jon@callas.org
rodney@canola-jones.com
bug-pks@mit.edu
usability2021@use.startmail.com
usability2020@use.startmail.com
b.stevens@beyondborders.net
memberservices@bread.org
organizing@bread.org
rsaavedra@bread.org
nschmidt@bread.org
chansen@bread.org
lrumpf@bread.org
fgutwein@bread.org
zschmidt@bread.org
dgist@bread.org
pcase@bread.org
dstreet@bread.org
slindahl@bread.org
lconchas@bread.org
ffrench@bread.org
info@brighthope.org
shane.hamilton@stackpath.com
abailey@vacares.org
caresclerk@vacares.org
djones@vacares.org
abailey@virginiacares.org
anicely@vacares.org
afisher@vacares.org
awest@vacares.org
noyler@cam-sa.org
supportunit@ahpsu.com
digital-team@unimelb.edu.au
alex.robinson@unimelb.edu.au
mdhs-webinfo@unimelb.edu.au
hello@cbm-global.org
giftsinwill@cbm.org.au
nyou@domain.com
usa@cmaid.org
canada@cmaid.org
JKnox@timescolonist.com
globalneighbors@gmail.com
give@crisiscontrol.org
info@resursemuzicale.com
privacy@lycos.com
permissions@lycos-inc.com
abuse@lycos-inc.com
goods@ecsphilly.org
info@feedthechildren.org
HR-unitedstates@feedthechildren.org
bob.brown@feedthechildren.org
legacygiving@foodforthepoor.org
name@example.com
robert@broofa.com
greatcommissionair@gmail.com
hapresident@yahoo.com
trips@heartforafrica.org
khutsala@heartforafrica.org
portland@ncfgiving.com
victoria.kayser@ministrypartners.org
form@sipc.org
asksipc@sipc.org
tim.arkell@partnersinternational.ca
jillian.olazabal@partnersinternational.ca
darren.degraaf@partnersinternational.ca
yalexis.barr@partnersinternational.ca
bruce.luo@partnersinternational.ca
dave.hunt@partnersinternational.ca
moriah.kolenda@partnersinternational.ca
chan.skalinder@partnersinternational.ca
hannah.musni@partnersinternational.ca
sandra.heemskerk@partnersinternational.ca
ken.ma@partnersinternational.ca
dalton.roach@partnersinternational.ca
jaycee.cruz@partnersinternational.ca
chair@partnersinternational.ca
info@partnersinternational.ca
wmminfo@samaritan.org
info@delhihouse.org
office@delhihouse.orgn
rkyle2@enc.elsig.ro
childsponsorship@worldhope.org
donorservices@worldhope.org
childsponsorship@wordhope.org
ChildSponsorship@worldhope.org
ChildSponsorship@wordhope.org
info@worldhope.ocag
sean@hawkey.co.uk
volunteers@bayarearescue.org
stephanies@bayarearescue.org
info@bayarearesue.org
johna@bayarearescue.org
prayer@bayarearescue.org
egrenfell-muir@brm.org
tsmith@brm.org
gifts@brm.org
jsamaan@brm.org
rdorsi@brm.org
ngregory@brm.org
mdarvish@brm.org
jamiegadson1012@gmail.com
8000ne@gmail.com
eisendorfr@missiondc.org
ckelley@missiondc.org
volunteer@missiondc.org
ministryresource@missiondc.org
familyministry@missiondc.org
FamilyMinistry@missiondc.org
emergencyreferral@missiondc.org
TDuncan@missionsdc.org
mobrien@missiondc.org
partnerships@missiondc.org
partnership@missiondc.org
Christmas@missiondc.org
web-support@sbgtv.com
info@advanced-advocacy.com
info@allsaintschurch.net
info@amascateringexperience.com
generalmanager@capitalcitysymphony.org
info@church-redeemer.org
John@example.com
CostcoNews@online.costco.com
info@dvnf.org
custserv@dtlr.com
info@faithandlaw.org
singles@fbcglenarden.org
FBCGInfo@fbcglenarden.org
singleparents@fbcglenarden.org
info@foodrescue.us
info@ibc.church
info@solteszco.com
info@spymuseum.org
info@thestaffordfoundation.org
info@titaniumbrb.com
Info@titaniumbrb.com
contact@sansoxygen.com
mobrien@missiondc.or
13e49d785d8d4f828038b6136f3b48ba@sentry.io
dchinn@missiondc.org
202-534-9965dchambers@missiondc.org
charles.beeghley@cityunionmission.org
drives@cityunionmission.org
2Breservations@cityunionmission.org
2Bregistrar@cityunionmission.org
campworkers@cityunionmission.org
ann.rohr@cityunionmission.org
applicationsupport@cityunionmission.org
bnymcharitable@bnymellon.com
msgift@reninc.com
donorservice@vanguardcharitable.org
ryan@dayzend.net
mkielisch@wisconsin.bbb.org
info@denrescue.org
SSmith@denrescue.org
RRichardson@denrescue.org
TLeavitt@denrescue.org
SSuleman@denrescue.org
JKabeya@denrescue.org
info@cygnus-extra.co.uk
helpline@sdafmh.org.uk
referrals@housingfirstconsortiumglasgow.com
info@migranthelpuk.org
SaferChoices@barnardos.org.uk
scdchildrenandfamilies@glasgow.gov.uk
info@thehavenkilmacolm.com
derby@betel.uk
Hexham@betel.org.uk
info@betel.uk
manchester@betel.uk
notts.admin@betel.uk
enquiries@scrn-recovery.co.uk
info@nwrc-glasgow.co.uk
info@healingfortheheart.co.uk
kairos@healingfortheheart.co.uk
info@capuk.org
info@thewell.org.uk
info@parkheadcab.org.uk
admin@emlc.org.uk
bureau@drumchapelcab.org.uk
advice@moneymattersweb.co.uk
techadvisor@glasgowcentralcab.casonline.org.uk
adminuser@easterhousecab.casonline.org.uk
mail@castlemilklawcentre.co.uk
bureau@gnwcab.org.uk
mail@lsa.org.uk
manager@castlemilkcab.casonline.org.uk
admin@actionasbestos.org.uk
admin5@gpollokcab.org.uk
admin@d-mac.org.uk
m@govanlc.com
info@gemap.co.uk
LTCandMacmillanService@glasgow.gov.uk
support@familiesoutside.org.uk
admin@familiesoutside.org.uk
info@moneymattersweb.co.uk
lmbc@lmbc.org
feedback@oc.usda.gov
aloysius.asu@usda.gov
drivinghopeministries@gmail.com
support@nextroll.com
dpo@nextroll.com
joe_the_cat@nextroll.com
volunteer@jimmiehalemission.com
shelby.lofton@wkyt.com
lindsay.travis@wkyt.com
grace.finerman@gray.tv
chelsea.jones@wkyt.com
public.file@wkyt.com
kitty.capelle@gray.tv
gdmdev@gray.tv
grace.finerman@wkyt.com
news@wkyt.com
sedmondson@wkyt.com
jakie8@gmail.com
eventcoordinator@elegantthemes.com
Nicole@ecfa.org
support@greatnonprofits.org
press@greatnonprofits.org
neha@greatnonprofits.org
publicrelations@lighthousemission.com
privacyrequest@christianbook.com
opera-dark-light-mode--rebranding@2x.cd
opera-messengers--rebranding@2x.db
blog-posts-desktop--rebranding@2x.ddb
fortune-logo@2x.cccb
pcworld@2x.ae
sub-header__features--messengers@2x.bd
feedback@centraljersey.com
kvarner2@embarqmail.com
hi@kindful.com
pvaughn@opendoorhouston.org
catering@opendoorhouston.org
hdiaz@opendoorhouston.org
sortega@opendoorhouston.org
community@cloudflare.com
support@cloudflare.com
legal@cloudflare.com
Copier@rescuemission.org
catherine.dobbins@rescuemission.org
accountsreceivable@rescuemission.org
info@doinggoodworks.com
anna.song@rescuemission.org
volunteer@phxmission.org
volunteer@phoenixrescuemission.org
prm@phxmission.org
prm@phoenixrescuemission.org
dkapelle@phxmission.org
erooney@phxmission.org
donorcare@phxmission.org
jskalniak@lambert.com
rbrown@phxmission.org
ddahm@phxmission.org
chammann@phoenixrescuemission.org
cookies@phoenixrescuemission.org
pmolina@phoenixrescuemission.org
webmaster@ag.org
usmissions@ag.org
steve@rescuesaltlake.org
jv@cambriacapital.com
info@slchamber.com
jrowley@saltlakecitymission.org
mbrecheisen@saltlakecitymission.org
tmcguire@saltlakecitymission.org
mwilson@saltlakecitymission.org
vpetti@saltlakecitymission.org
ggallegos@saltlakecitymission.org
charris@saltlakecitymission.org
wbai@saltlakecitymission.org
poconnor@saltlakecitymission.org
godigital@utahmediagroup.com
rweber@sbrm.org
rescuemissionnews@sbrm.org
lchandler@sbrm.org
rgeyling@sbrm.org
kcarroll@sbrm.org
kgoralski@sbrm.org
donorsupport@careasy.org
anderson@fateyes.com
lgosdschan@cadasb.org
robertw@springsrescuemission.org
volunteer@springsrescuemission.org
Volunteer@springsrescuemission.org
support@growthzone.com
mguymon@tucsonchamber.org
clee@tucsonchamber.org
vvargas@tucsonchamber.org
amber@tucsonchamber.org
cgilchrist@tucsonchamber.org
CLee@tucsonchamber.org
dlong@tucsonchamber.org
swilka@tucsonchamber.org
rmedler@tucsonchamber.org
dcortez@tucsonchamber.org
cgatewood@tucsonchamber.org
cbeving@tucsonchamber.org
abegody@tucsonchamber.org
cfairbanks@tucsonchamber.org
jcook@tucsonchamber.org
resumes@tucsonchamber.org
VVargas@tucsonchamber.org
a60a26eba1e642519b43545f6be1d2b0@sentry.issuu.com
6f26fb8021ab4dc3baf75653bc7bac1f@sentry.issuu.com
u002Ff2bf580f2a5b44e7bdc85f15bdef2263@sentry.issuu.com
6b4153384441459cae55a60731158ddd@sentry.issuu.com
veronica.acosta@kgun9.com
news@kgun9.com
john.ames@kold.com
myamaguchi@hawaiinewsnow.com
michael.cooper@kold.com
wredman@kold.com
kold-publicfile@gray.tv
bud.foster@kold.com
melissa.egan@kold.com
amanda.alvarado@gray.tv
wendi.redman@kold.com
gencinas@kold.com
newstips@kvoa.com
shanlea.gordon@bcchr.ca
20shanlea.gordon@bcchr.ca
camp@ugm.ca
info@charitycarprogram.ca
ugmpartners@ugmdallas.org
searchandrescue@ugmportland.org
mensintake@ugmportland.org
sales@vancopayments.com
cs@vancopayments.com
hannah@wefeedpeople.com
joyce@wefeedpeople.com
lana@wefeedpeople.com
ginger@wefeedpeople.com
cjuarez@urm.org
amonsibaez@urm.org
kwalker@urm.org
thewayhome@urm.org
lrivas@urm.org
llindsey@urm.org
trodriquez@urm.org
jkershner@urm.org
bmcfarland@urm.org
rperez@urm.org
rbautist@usc.edu
ecorpus@urm.org
rnewcomb@urm.org
sfernando@lachc.com
sfriedman@sonnet.ucla.edu
ajuanico@urm.org
camerine@urm.org
tpeters@urm.org
ttann@urm.org
lhunter@urm.org
aramirez@urm.org
victoro@urm.org
panderson@urm.org
kherring@urm.org
webmaster@urm.org
info@hepdata.com
churchrelations@urm.org
acornejo@urm.org
info@imaginecanada.ca
info@ammacanada.ca
stephanie.sorensen@intact.net
dons@missionba.com
olepav@ucoz-team.net
baza@newliferus.ru
info@adria.spb.ru
panteleimonv@yandex.ru
gtnpravda@mail.ru
ickirishi@gmail.com
protradnoe@mail.ru
reklamaprotradnoe@mail.ru
web@elper.net.invalid
info@orchardalliance.org
info@capincrouse.com
Aaron@joyel.org
lgooderl@ccca.org
bbailon@ccca.org
info@thepowerofcamp.com
lgibson@cairn.edu
visits@cairn.edu
gthorpe@cairn.edu
kjohnson@cairn.edu
skulhanjian@cairn.edu
pneal@cairn.edu
nwambold@cairn.edu
bbest@cairn.edu
ts@cairn.edu
media@fcnl.org
skropp@nae.net
admin@sdpconference.info
info-hz@ubm.com
cioe@cioe.cn
mtfmallworld@gmail.com
gilf@gzlightingfair.com
info-trust@ubm.com
enquiry.singapore@ubm.com
information-center-jp@ubm.com
info-ny@ubm.com
info-creativity@ubm.com
info-china@ubm.com
info-tw@ubm.com
minhua.chi@ubmsinoexpo.com
info-ph@ubm.com
info.india@ubm.com
info.bahrain@ubm.com
info-kr@ubm.com
info-th@ubm.com
info-rotaforte@ubm.com
preguntas@nih.gov
salud@nih.gov
NIAAASHPResearch@mail.nih.gov
CNIRC_research@nih.gov
CNIRCresearch@mail.nih.gov
CNIRC_research@mail.nih.gov
NIAAACGETResearch@mail.nih.gov
oconnorju@mail.nih.gov
NIAAApublications@nih.gov
niaaaweb-r@exchange.nih.gov
sales@buydomains.com
suggestions@famously-dead.com
support@findagrave.com
feedback@findagrave.com
concierge@chateaumarmont.com
kerig@sas.upenn.edu
kellan@pobox.com
email@schnews.org.uk
pma@apc.org.nz
support@care2team.com
petitionquestions@care2team.com
bostonmedics@gmail.com
bostonmedics@riseup.net
bdick@scu.edu.au
ssankara@scu.edu.au
f.diaz@lancaster.ac.uk
pswepson@uq.net.au
bd@bigpond.net.au.au
listproc@scu.edu.au
rmct@deakin.oz.au
order@wn.org
mike.metcalfe@unisa.edu.au
admin@alarassociation.org
areol-d-l@scu.edu.au
areol-g04-l@scu.edu.au
areol-g03-l@scu.edu.au
areol-g01-l@scu.edu.au
areol-g02-l@scu.edu.au
areol-d@four.pairlist.net
listserv@ua1vm.ua.edu
majordomo@nasionet.net
bd@uqconnect.net
nancy@allmysisters.org
phoenix.crockett@uvm.edu
digital-strategy@stanford.edu
health-alerts@stanford.edu
info@learntechlib.org
conf@aace.org
music-vote@sub-rosa.com
membership@apc.org
ogandy@asc.upenn.edu
Kathy@vcnv.org
foppmail@gmail.com
info@mkgandhi.org
contact@gandhifoundation.org
Kathy.vcnv@gmail.com
marthahennessy@gmail.com
trottacarmen@yahoo.com
FastingForYemen@gmail.com
wvtrainersproject@gmail.com
estaciousw1914@yahoo.com
shannon.ashley.medium@gmail.com
lblount@pendlehill.org
info@pendlehill.org
press@change.org
info.india@change.org
media@change.org
info@freezonen.se
nalexandr.kopylov@mail.ru
dameoncz@gmail.com
alexandr.kopylov@mail.ru
mhamadalmokhtar@gmail.com
nmhamadalmokhtar@gmail.com
c74999443b1a48b893e9615d71c3bd26@sentry.io
parnassusneighborhoodcoalition@gmail.com
doris@newton.co.in
enquiry@newton.co.in
smita@newton.co.in
admin@bidawiz.com
partners@bidawiz.com
DL-TSS-Thawte@digicert.com
membership@tsi.org.uk
eccs@tsi.org.uk
eccnet-uk@ec.europa.eu
odr@tsi.org.uk
publications@tsi.org.uk
productinfo@tsi.org.uk
ccab@tsi.org.uk
businessdevelopment@tsi.org.uk
ca14e639517e40a39212e52f352d4f2b@o211375.ingest.sentry.io
support@trace.com
29178272ed294e5db5441dee22e3e486@sentry.io
669c1999274648e4b640165a4f94fd17@o211375.ingest.sentry.io
d716a142c2594fac820ac40049d1db74@sentry.io
informationrights@companieshouse.gov.uk
press@companieshouse.gov.uk
enquiries@companieshouse.gov.uk
welshcontact@companieshouse.gov.uk
example@company.com
admin@credly.com
369c830fbf534485a068ab919d71b80d@sentry.io
email@domain.com
info_europe@bytedance.com
advertise@bytedance.com
hr@bytedance.com
press@bytedance.com
bd@bytedance.com
u003Epr@tiktok.com
feedback@tiktok.com
u003Efeedback@tiktok.com
gov@tiktok.com
u003egrievance.officer@tiktok.com
grievance.officer@tiktok.com
u003elegal@tiktok.com
legal@tiktok.com
dpobrasil@tiktok.com
ilay.yilmaz@esin.av.tr
u003eilay.yilmaz@esin.av.tr
privacytiktok@bkl.co.kr
u003eprivacytiktok@bkl.co.kr
de-page-ats-funnel@5.5.0.js
expertrecruiting@justanswer.com
expertsupport@justanswer.com
main-tracking-script-era@released.js
he-page-affiliate-program@2.1.0.js
he-page-hc-home@1.5.1.js
th-page-category@3.1.4.js
de-page-about-us@2.0.4.js
press@justanswer.com
careers@justanswer.com
de-page-about-us@2.0.4.css
de-page-careers@3.6.0.js
de-page-careers@3.6.0.css
de-page-press@2.1.2.js
de-page-eng-blog@4.0.0.js
info@healthecareers.com
Brand_Licensing@ziffdavis.com
ZDLegal1@ziffdavis.com
zdlegal1@ziffdavis.com
privacy@ziffdavis.com
dpo@ziffdavis.com
sales@digicert.com
support@digicert.com
support@networkforgood.com
ChurchillWriter@gmail.com
Robert.M.Candey@nasa.gov
c.a.young@nasa.gov
mailto@alisonmoroney.com
jen@newagestore.com
dengllow@yahoo.com
lauren@laurenedmond.com
warofwinds@gmail.com
shingoji@gmail.com
privacy@biblegateway.com
adsales@foxnews.com
tips@anandtech.com
lodchjo@yahoo.com
info@poetryfoundation.org
jonahlehrer@gmail.com
psiedlecki@live.com
pg2china@yahoo.com
nhswebsite.servicedesk@nhs.net
liz_ong72@yahoo.com
RodNave@gsu.edu
information@eso.org
rjohnson@astro.as.utexas.edu
UTMedia@utexas.edu
whitney.clavin@jpl.nasa.gov
j.d.harrington@nasa.gov
name@domain.com
johnsmith@gmail.com
cbe@cbeinternational.org
teng@ciac.co.uk
ease_2004@hotmail.com
thebusterfoundation@hotmail.co.uk
info1@pinkpractice.co.uk
info@respect.uk.net
info@supportline.org.uk
pcwheel@earthlink.net
dvsur5r@yahoo.com
cwalsh@ncdsv.org
information@intelligize.com
documentresearch_support@morningstar.com
info@reclaimdemocracy.org
people@poclad.org
psiru@psiru.org
instantrunoff@fairvote.org
richardwinger@yahoo.com
weekly-request@world.std.com
rachel-weekly-request@world.std.com
erf@igc.apc.org
tracy@media-alliance.org
niaby@energyjustice.net
catalyst@envirolink.org
healthaffairs@pubservice.com
1603251030@sip.zoomgov.com
vccrd@cand.uscourts.gov
CRIMpdf@cand.uscourts.gov
1616081971@sip.zoomgov.com
media@cand.uscourts.gov
vcpo@cand.uscourts.gov
anne.alvesalo-kuusi@utu.fi
gbarak@emich.edu
pmattera@goodjobsfirst.org
esr@thyrsus.com
est@thyrsus.com
bal@zurich.ai.mit.edu
jn11+@andrew.cmu.edu
libes@cme.nist.gov
per@front.se
jgk@osc.osc.com
hoequist@bnr.ca
stampe@hawaii.edu
jcmorris@mwunix.mitre.org
scs@eskimo.com
georgere@microsoft.com
cosell@bbn.com
gls@think.com
jrh578689@thudpucker.com
YourQuestions@bbc.co.uk
eastofenglandnews@bbc.co.uk
Haveyoursay@bbc.co.uk
HaveYourSay@bbc.co.uk
spotlight@bbc.co.uk
bbcaccount@bbc.co.uk
paul.bepey@bbc.co.uk
git@github.com
cbbc@bbc.co.uk
sango138@aol.co
e_siegle@hotmail.com
Sunnygirl_number_1@ga.prestige.net
bobert_1@hotmail.com
priestsoftheshrubbery@yahoo.com
eeebee16@yahoo.ca
sailorcomet22@yahoo.com
Colt2658@hotmail.com
wheres_mom@hotmail.com
axxxel1313@aol.com
mobilemusicians@att.net
frantic_writer@hotmail.com
chickjd123@yahoo.com
princesstwi@yahoo.com
retarded_lama@hotmail.com
estherioreilly@gmail.com
privacy@exponential.com
copyrightagent@beliefnetstaff.com
feedback@patheos.com
copyrightagent@bnmediallc.com
editors@patheos.com
emailprivacy@generitech.com
StrategicMonk@gmail.com
teresa@teresablythe.net
barry@freethinker.co.uk
MostlyMuslim@gmail.com
captain_cassidy@yahoo.com
CORTinformation@gmail.com
gracecoloredglasses@gmail.com
drbruceepperly@aol.com
_blankdrbruceepperly@aol.coma
bruceepperly@gmail.com
drahsturgis@gmail.com
emilykcstrand@gmail.com
office@granitebaysda.org
editorialstaff@amazingfacts.org
partnerrelations@amazingfacts.org
champions@amazingfacts.org
siteadmin@amazingfacts.org
administration@amazingfacts.org
john.smith@example.com
stephen@raisedonors.com
help@raisedonors.com
714c749bafde4552896bc6298c2c28a6@sentry.postmanlabs.com
rainman3400@gmail.com
cmountjoy@frontier.com
vanleest1@msn.com
28sonia@telus.net
Noleenguzmics@gmail.com
noleenguzemics@gmail.com
